embranchement,nom_vernaculaire,nom_scientifique,regions
Arthropode,Abludomelita gladiosa,Abludomelita gladiosa,atlantique
Arthropode,Abludomelita obtusata,Abludomelita obtusata,atlantique
Arthropode,Araignée de mer glabre,Acanthonyx lunulatus,mediterranee
Arthropode,Chevrette tsivakihini,Acetes erythraeus,
Arthropode,Acetes petrunkevitchi,Acetes petrunkevitchi,
Arthropode,Achée de Cranch,Achaeus cranchii,"atlantique,mediterranee"
Arthropode,Étrille nageuse,Achelous hastatus,mediterranee
Arthropode,Aega bicarinata,Aega bicarinata,mediterranee
Arthropode,Aega psora,Aega psora,atlantique
Arthropode,Aega tridens,Aega tridens,mediterranee
Arthropode,Africorchestia spinifera,Africorchestia spinifera,atlantique
Arthropode,Crabe violoniste européen,Afruca tangeri,mediterranee
Arthropode,Crabe taupe,Albunea carabus,mediterranee
Arthropode,Crevette-pistolet à pattes épineuses,Alpheus dentipes,"atlantique,mediterranee"
Arthropode,Cardon rouge,Alpheus glaber,atlantique
Arthropode,Crevette-pistolet à grosse pince,Alpheus macrocheles,"atlantique,mediterranee"
Arthropode,Green snapping shrimp,Alpheus normanni,
Arthropode,Amalopenaeus elegans,Amalopenaeus elegans,mediterranee
Arthropode,Ampelisca brevicornis,Ampelisca brevicornis,atlantique
Arthropode,Ampelisca diadema,Ampelisca diadema,
Arthropode,Ampelisca spinipes,Ampelisca spinipes,atlantique
Arthropode,Ampelisca tenuicornis,Ampelisca tenuicornis,
Arthropode,Ampelisca typica,Ampelisca typica,
Arthropode,Ampithoe ramondi,Ampithoe ramondi,atlantique
Arthropode,Ampithoe rubricata,Ampithoe rubricata,atlantique
Arthropode,Anapagurus curvidactylus,Anapagurus curvidactylus,mediterranee
Arthropode,Bernard-l'ermite miniature blanc,Anapagurus hyndmanni,"atlantique,mediterranee"
Arthropode,Petit pagure lisse,Anapagurus laevis,"atlantique,mediterranee"
Arthropode,Anapagurus pusillus,Anapagurus pusillus,mediterranee
Arthropode,Anchialina agilis,Anchialina agilis,atlantique
Arthropode,Anchylomera blossevillei,Anchylomera blossevillei,mediterranee
Arthropode,Androniscus dentiger,Androniscus dentiger,"atlantique,mediterranee"
Arthropode,Anilocra frontalis,Anilocra frontalis,"atlantique,mediterranee"
Arthropode,Anilocra physodes,Anilocra physodes,"atlantique,mediterranee"
Arthropode,Anthura gracilis,Anthura gracilis,atlantique
Arthropode,Aora spinicornis,Aora spinicornis,atlantique
Arthropode,Apherusa bispinosa,Apherusa bispinosa,atlantique
Arthropode,Apherusa cirrus,Apherusa cirrus,atlantique
Arthropode,Apherusa jurinei,Apherusa jurinei,atlantique
Arthropode,Apocorophium acutum,Apocorophium acutum,atlantique
Arthropode,Apohyale perieri,Apohyale perieri,atlantique
Arthropode,Apolochus neapolitanus,Apolochus neapolitanus,atlantique
Arthropode,Apseudes talpa,Apseudes talpa,atlantique
Arthropode,Apseudopsis latreillii,Apseudopsis latreillii,atlantique
Arthropode,Mangrove Tree Crab,Aratus pisonii,
Arthropode,Arcitalitrus dorrieni,Arcitalitrus dorrieni,atlantique
Arthropode,Arcitalitrus sylvaticus,Arcitalitrus sylvaticus,atlantique
Arthropode,speckled crab,Arenaeus cribrarius,
Arthropode,crevette arctique,Argis dentata,
Arthropode,Gambon écarlat,Aristaeopsis edwardsiana,mediterranee
Arthropode,Crevette rouge,Aristeus antennatus,mediterranee
Arthropode,Gambon rayé,Aristeus varidens,mediterranee
Arthropode,Armadillidium depressum,Armadillidium depressum,
Arthropode,Isopod,Armadillidium nasatum,
Arthropode,Armadillidium versicolor,Armadillidium versicolor,
Arthropode,Armadille commune,Armadillidium vulgare,
Arthropode,Armadillo officinalis,Armadillo officinalis,
Arthropode,Armadilloniscus candidus,Armadilloniscus candidus,mediterranee
Arthropode,Armadilloniscus ellipticus,Armadilloniscus ellipticus,mediterranee
Arthropode,Wharf Crab,Armases cinereum,
Arthropode,Aselle,Asellus aquaticus,"atlantique,mediterranee"
Arthropode,Astacilla danmoniensis,Astacilla damnoniensis,atlantique
Arthropode,Astacille à longues antennes,Astacilla longicornis,"atlantique,mediterranee"
Arthropode,Écrevisse à pieds rouges,Astacus astacus,mediterranee
Arthropode,Petit crabe circulaire,Atelecyclus rotundatus,"atlantique,mediterranee"
Arthropode,Grand crabe circulaire,Atelecyclus undecimdentatus,"atlantique,mediterranee"
Arthropode,Crevette à capuchon,Athanas nitescens,"atlantique,mediterranee"
Arthropode,Caridine de Desmarest,Atyaephyra desmarestii,"atlantique,mediterranee"
Arthropode,Crevette Bambou,Atyopsis moluccensis,mediterranee
Arthropode,Austropotamobius fulcisianus,Austropotamobius fulcisianus,atlantique
Arthropode,Écrevisse à pattes blanches,Austropotamobius pallipes,"atlantique,mediterranee"
Arthropode,Écrevisse de torrent,Austropotamobius torrentium,
Arthropode,Axius stirhynchus,Axius stirhynchus,atlantique
Arthropode,Crevette bossue des gorgones,Balssia gasti,mediterranee
Arthropode,Crevette dodue des gorgones,Balssia noeli,mediterranee
Arthropode,Bathynectes longipes,Bathynectes longipes,mediterranee
Arthropode,Bathynectes maravigna,Bathynectes maravigna,mediterranee
Arthropode,Bathynomus richeri,Bathynomus richeri,atlantique
Arthropode,Bathyporeia elegans,Bathyporeia elegans,atlantique
Arthropode,Bathyporeia guilliamsoniana,Bathyporeia guilliamsoniana,
Arthropode,sand digger shrimp,Bathyporeia pelagica,
Arthropode,Bathyporeia pilosa,Bathyporeia pilosa,
Arthropode,Bathyporeia sarsi,Bathyporeia sarsi,
Arthropode,Bodotria scorpioides,Bodotria scorpioides,atlantique
Arthropode,Bopyre ocellé,Bopyrina ocellata,"atlantique,mediterranee"
Arthropode,Bopyre des crevettes,Bopyroides hippolytes,atlantique
Arthropode,Bopyre des crevettes,Bopyrus crangorum,"atlantique,mediterranee"
Arthropode,Crevette à deux ongles,Brachycarpus biunguiculatus,mediterranee
Arthropode,Brachynotus sexdentatus,Brachynotus sexdentatus,mediterranee
Arthropode,Britorchestia brito,Britorchestia brito,atlantique
Arthropode,Britorchestia ugolinii,Britorchestia ugolinii,mediterranee
Arthropode,Buchnerillo litoralis,Buchnerillo litoralis,mediterranee
Arthropode,Crabe granuleux,Calappa granulata,"atlantique,mediterranee"
Arthropode,Bernard-l'ermite élégant,Calcinus elegans,mediterranee
Arthropode,Pagure sédentaire,Calcinus tubularis,mediterranee
Arthropode,Callinectes arcuatus,Callinectes arcuatus,mediterranee
Arthropode,Crabe chancre,Callinectes bocourti,
Arthropode,Crabe bleu,Callinectes sapidus,mediterranee
Arthropode,Crab ciarlatan,Callinectes similis,
Arthropode,Campecopea hirsuta,Campecopea hirsuta,atlantique
Arthropode,Crabe nordique,Cancer borealis,
Arthropode,"Crabe de roche, Crabe commun, Tourteau pointclos, Crabe tourteau, Crabe tourteau-commun",Cancer irroratus,
Arthropode,Tourteau,Cancer pagurus,"atlantique,mediterranee"
Arthropode,Chilean crab,Cancer plebejus,
Arthropode,Cancer porteri,Cancer porteri,
Arthropode,Crabe rouge,Cancer productus,
Arthropode,Caprella acanthifera,Caprella acanthifera,"atlantique,mediterranee"
Arthropode,Caprella equilibra,Caprella equilibra,atlantique
Arthropode,Caprella fretensis,Caprella fretensis,atlantique
Arthropode,Chevrolle scolopendroïde,Caprella linearis,atlantique
Arthropode,Caprelle japonaise,Caprella mutica,"atlantique,mediterranee"
Arthropode,Caprella penantis,Caprella penantis,"atlantique,mediterranee"
Arthropode,Caprella scaura,Caprella scaura,mediterranee
Arthropode,Crabe vert de Méditerranée,Carcinus aestuarii,mediterranee
Arthropode,Crabe vert,Carcinus maenas,"atlantique,mediterranee"
Arthropode,Crabe de terre brun,Cardisoma carnifex,
Arthropode,Crabe de terre commun,Cardisoma guanhumi,atlantique
Arthropode,Caridina multidentata,Caridina multidentata,"atlantique,mediterranee"
Arthropode,Centraloecetes kroyeranus,Centraloecetes kroyeranus,atlantique
Arthropode,Ceratothoa italica,Ceratothoa italica,atlantique
Arthropode,Ceratothoa oestroides,Ceratothoa oestroides,atlantique
Arthropode,Ceratothoa steindachneri,Ceratothoa steindachneri,atlantique
Arthropode,Pagure timide,Cestopagurus timidus,"atlantique,mediterranee"
Arthropode,Chaceon peruvianus,Chaceon peruvianus,atlantique
Arthropode,Asian paddle crab,Charybdis japonica,
Arthropode,Cheirocratus sundevallii,Cheirocratus sundevallii,
Arthropode,Caspian mud shrimp,Chelicorophium curvispinum,
Arthropode,Chelura terebrans,Chelura terebrans,atlantique
Arthropode,Ecrevisse de Murray,Cherax destructor,
Arthropode,Écrevisse à pinces rouges,Cherax quadricarinatus,atlantique
Arthropode,crabe de Baird,Chionoecetes bairdi,
Arthropode,Crabe des neiges,Chionoecetes opilio,mediterranee
Arthropode,Cirolana cranchii,Cirolana cranchii,mediterranee
Arthropode,Cleantis prismatique,Cleantis prismatica,"atlantique,mediterranee"
Arthropode,Clibanarius antillensis,Clibanarius antillensis,mediterranee
Arthropode,Pagure des rochers,Clibanarius erythropus,"atlantique,mediterranee"
Arthropode,stripedlegged hermit crab,Clibanarius vittatus,
Arthropode,Cénobite des Caraïbes,Coenobita clypeatus,mediterranee
Arthropode,E Latin Hermit Crab,Coenobita compressus,
Arthropode,ruggie hermit crab,Coenobita rugosus,
Arthropode,Coenobita violascens,Coenobita violascens,atlantique
Arthropode,Corophium arenarium,Corophium arenarium,atlantique
Arthropode,Corophie tourneur,Corophium volutator,atlantique
Arthropode,Crabe masqué,Corystes cassivelaunus,"atlantique,mediterranee"
Arthropode,Crevette grise européenne,Crangon crangon,"atlantique,mediterranee"
Arthropode,Crevette grise de sable,Crangon septemspinosa,
Arthropode,Northern River Crangonyctid,Crangonyx pseudogracilis,
Arthropode,Crassicorophium crassicorne,Crassicorophium crassicorne,atlantique
Arthropode,Cryptorchestia cavimana,Cryptorchestia cavimana,atlantique
Arthropode,Cryptorchestia garbinii,Cryptorchestia garbinii,"atlantique,mediterranee"
Arthropode,American grass shrimp,Cuapetes americanus,
Arthropode,Cumopsis goodsir,Cumopsis goodsir,atlantique
Arthropode,Cyathura carinata,Cyathura carinata,"atlantique,mediterranee"
Arthropode,Porcellion armadilloïde,Cylisticus convexus,
Arthropode,Cymodoce spinosa,Cymodoce spinosa,mediterranee
Arthropode,Cymodoce truncata,Cymodoce truncata,"atlantique,mediterranee"
Arthropode,Danielethus patagonicus,Danielethus patagonicus,
Arthropode,Grand bernard-l'ermite,Dardanus arrosor,mediterranee
Arthropode,Grand pagure rouge,Dardanus calidus,"atlantique,mediterranee"
Arthropode,Bernard l'ermite à points blancs,Dardanus megistos,atlantique
Arthropode,Bernard l'ermite à yeux verts,Dardanus pedunculatus,mediterranee
Arthropode,Parthénope à longues pattes,Derilambrus angulifrons,mediterranee
Arthropode,Deshayesorchestia deshayesii,Deshayesorchestia deshayesii,atlantique
Arthropode,Dexamine spinosa,Dexamine spinosa,atlantique
Arthropode,Diastylis bradyi,Diastylis bradyi,
Arthropode,Diastylis cornuta,Diastylis cornuta,
Arthropode,Diastylis rathkei,Diastylis rathkei,
Arthropode,crevette soyeuse,Dichelopandalus leptocerus,
Arthropode,Demon Shrimp,Dikerogammarus haemobaphes,
Arthropode,Crevette tueuse,Dikerogammarus villosus,
Arthropode,Diogenes armatus,Diogenes armatus,mediterranee
Arthropode,Diogenes curvimanus,Diogenes curvimanus,"atlantique,mediterranee"
Arthropode,Pagure des sables,Diogenes pugilator,"atlantique,mediterranee"
Arthropode,Dromie,Dromia personata,"atlantique,mediterranee"
Arthropode,Asthénognathe atlantique,Dudekemus atlanticus,atlantique
Arthropode,Dynamene bicolor,Dynamene bicolor,mediterranee
Arthropode,Dynamene bidentata,Dynamene bidentata,atlantique
Arthropode,Dynamene edwardsi,Dynamene edwardsi,mediterranee
Arthropode,Dynamene magnitorata,Dynamene magnitorata,atlantique
Arthropode,Gulf grassflat crab,Dyspanopeus texanus,
Arthropode,Ebalia cranchii,Ebalia cranchii,atlantique
Arthropode,Ebalia deshayesi,Ebalia deshayesi,mediterranee
Arthropode,Ebalie de Bryer,Ebalia edwardsii,mediterranee
Arthropode,Ebalia granulosa,Ebalia granulosa,atlantique
Arthropode,Ebalia nux,Ebalia nux,mediterranee
Arthropode,Ébalie de Pennant,Ebalia tuberosa,atlantique
Arthropode,Ébalie tuméfiée,Ebalia tumefacta,atlantique
Arthropode,Echinogammarus berilloni,Echinogammarus berilloni,atlantique
Arthropode,Echinogammarus eisentrauti,Echinogammarus eisentrauti,mediterranee
Arthropode,Echinogammarus marinus,Echinogammarus marinus,atlantique
Arthropode,hippe analogue,Emerita analoga,
Arthropode,Hippa commun,Emerita talpoida,
Arthropode,Eocuma dollfusi,Eocuma dollfusi,atlantique
Arthropode,Ericerodes hemphillii,Ericerodes hemphillii,atlantique
Arthropode,Ericthonius didymus,Ericthonius didymus,mediterranee
Arthropode,Ericthonius pugnax,Ericthonius pugnax,mediterranee
Arthropode,Ericthonius punctatus,Ericthonius punctatus,atlantique
Arthropode,Crabe chinois à mitaines,Eriocheir sinensis,atlantique
Arthropode,Eriopisa elongata,Eriopisa elongata,
Arthropode,Crabe verruqueux,Eriphia verrucosa,"atlantique,mediterranee"
Arthropode,Éthusa à masque grotesque,Ethusa mascarone,mediterranee
Arthropode,Hippolyte bouledogue de Cranch,Eualus cranchii,"atlantique,mediterranee"
Arthropode,Crevette bouledogue secrète,Eualus occultus,"atlantique,mediterranee"
Arthropode,Euchirograpsus liguricus,Euchirograpsus liguricus,mediterranee
Arthropode,Eudorella emarginata,Eudorella emarginata,
Arthropode,Eudorella truncatula,Eudorella truncatula,
Arthropode,Antarctic coastal krill,Euphausia crystallorophias,
Arthropode,Krill pacifique,Euphausia pacifica,
Arthropode,Krill antarctique,Euphausia superba,
Arthropode,Eurydice affinis,Eurydice affinis,atlantique
Arthropode,Eurydice belle,Eurydice pulchra,atlantique
Arthropode,Eurynome,Eurynome aspera,atlantique
Arthropode,Crevette à points rouges,Eusergestes arcticus,mediterranee
Arthropode,Excirolana chiltoni,Excirolana chiltoni,atlantique
Arthropode,Faucheria faucheri,Faucheria faucheri,mediterranee
Arthropode,Écrevisse américaine,Faxonius limosus,"atlantique,mediterranee"
Arthropode,Faxonius luteus,Faxonius luteus,mediterranee
Arthropode,écrevisse à rostre caréné,Faxonius propinquus,
Arthropode,écrevisse à taches rouges,Faxonius rusticus,
Arthropode,Écrevisse à pinces bleues,Faxonius virilis,
Arthropode,Galathée grise des gorgones,Galathea bolivari,mediterranee
Arthropode,Galathea dispersa,Galathea dispersa,atlantique
Arthropode,Galathée intermédiaire,Galathea intermedia,"atlantique,mediterranee"
Arthropode,Galathée des fissures,Galathea nexa,atlantique
Arthropode,Galathée noire,Galathea squamifera,"atlantique,mediterranee"
Arthropode,Galathée,Galathea strigosa,"atlantique,mediterranee"
Arthropode,Crevette cavernicole inerme,Gallocaris inermis,mediterranee
Arthropode,Gammarella fucicola,Gammarella fucicola,atlantique
Arthropode,Gammaropsis maculata,Gammaropsis maculata,atlantique
Arthropode,Gammarus aequicauda,Gammarus aequicauda,mediterranee
Arthropode,Gammarus duebeni,Gammarus duebeni,
Arthropode,Gammarus fossarum,Gammarus fossarum,mediterranee
Arthropode,Gammarus insensibilis,Gammarus insensibilis,atlantique
Arthropode,Gammarus lacustris,Gammarus lacustris,"atlantique,mediterranee"
Arthropode,Crevettine,Gammarus locusta,atlantique
Arthropode,Tide-pool Scud,Gammarus oceanicus,
Arthropode,Gammare,Gammarus pulex,"atlantique,mediterranee"
Arthropode,Gammarus roeselii,Gammarus roeselii,"atlantique,mediterranee"
Arthropode,Gammarus salinus,Gammarus salinus,atlantique
Arthropode,Gammarus tigrinus,Gammarus tigrinus,
Arthropode,Gammarus zaddachi,Gammarus zaddachi,
Arthropode,Gastrosaccus spinifer,Gastrosaccus spinifer,
Arthropode,Gelasimus vocans,Gelasimus vocans,mediterranee
Arthropode,Geryon longipes,Geryon longipes,mediterranee
Arthropode,Callianasse matchotte,Gilvossius tyrrhenus,"atlantique,mediterranee"
Arthropode,crabe pygmée,Glebocarcinus oregonensis,
Arthropode,Glossocephalus milneedwardsi,Glossocephalus milneedwardsi,mediterranee
Arthropode,Gnathia maxillaris,Gnathia maxillaris,"atlantique,mediterranee"
Arthropode,Gnathia oxyuraea,Gnathia oxyuraea,
Arthropode,Crevette drimo,Gnathophyllum elegans,"atlantique,mediterranee"
Arthropode,Gonéplax,Goneplax rhomboides,"atlantique,mediterranee"
Arthropode,Grapse atlantique,Grapsus adscensionis,
Arthropode,mottled lightfoot crab,Grapsus albolineatus,
Arthropode,"Crabe japonais (Le), Grapse peint (Le)",Grapsus grapsus,
Arthropode,Crabe coureur commun,Grapsus tenuicrustatus,
Arthropode,yellow squat lobster,Grimothea johni,
Arthropode,galathée orange,Grimothea monodon,
Arthropode,Galathée pélagique,Grimothea planipes,atlantique
Arthropode,galathée à quatre épines,Grimothea quadrispina,
Arthropode,Cape Rock Crab,Guinusia chabrus,
Arthropode,Salicoque couteau du Chili,Haliporoides diomedeae,
Arthropode,Haplophthalmus bonadonai,Haplophthalmus bonadonai,mediterranee
Arthropode,Haplophthalmus danicus,Haplophthalmus danicus,"atlantique,mediterranee"
Arthropode,Haplophthalmus montivagus,Haplophthalmus montivagus,mediterranee
Arthropode,Harpinia antennaria,Harpinia antennaria,
Arthropode,Harpinia crenulata,Harpinia crenulata,
Arthropode,Harpinia pectinata,Harpinia pectinata,
Arthropode,Haustorius arenarius,Haustorius arenarius,atlantique
Arthropode,Helleria brevicornis,Helleria brevicornis,mediterranee
Arthropode,Hemigrapsus nudus,Hemigrapsus nudus,atlantique
Arthropode,crabe d'Oregon,Hemigrapsus oregonensis,
Arthropode,Grapse sanguin,Hemigrapsus sanguineus,atlantique
Arthropode,Crabe à pinceaux de Takano,Hemigrapsus takanoi,atlantique
Arthropode,Mysidacé tacheté,Hemimysis anomala,atlantique
Arthropode,Hemimysis lamornae,Hemimysis lamornae,"atlantique,mediterranee"
Arthropode,Araignée de mer ridée,Herbstia condyliata,"atlantique,mediterranee"
Arthropode,Crevette nylon chilienne,Heterocarpus reedi,
Arthropode,Hippolyte de Méditerranée,Hippolyte holthuisi,mediterranee
Arthropode,Grande hippolyte d'herbier,Hippolyte inermis,"atlantique,mediterranee"
Arthropode,Hippolyte bossue,Hippolyte leptocerus,atlantique
Arthropode,Crevette des comatules,Hippolyte prideauxiana,"atlantique,mediterranee"
Arthropode,Hippolyte commune,Hippolyte varians,"atlantique,mediterranee"
Arthropode,zostera shrimp,Hippolyte zostericola,
Arthropode,Hippomedon denticulatus,Hippomedon denticulatus,atlantique
Arthropode,Homard Américain,Homarus americanus,"atlantique,mediterranee"
Arthropode,Homard européen,Homarus gammarus,"atlantique,mediterranee"
Arthropode,Hyas alutaceus,Hyas alutaceus,
Arthropode,Crabe araignée,Hyas araneus,"atlantique,mediterranee"
Arthropode,crabe violon,Hyas coarctatus,atlantique
Arthropode,Hypérie galbée,Hyperia galba,"atlantique,mediterranee"
Arthropode,Hyperia macrocephala,Hyperia macrocephala,mediterranee
Arthropode,Hyperia spinigera,Hyperia spinigera,mediterranee
Arthropode,Idotée de la Baltique,Idotea balthica,"atlantique,mediterranee"
Arthropode,Idotea chelipes,Idotea chelipes,"atlantique,mediterranee"
Arthropode,Idotée échancrée,Idotea emarginata,atlantique
Arthropode,Idotée granuleuse,Idotea granulosa,atlantique
Arthropode,Idotée linéaire,Idotea linearis,"atlantique,mediterranee"
Arthropode,Idotée métallique,Idotea metallica,"atlantique,mediterranee"
Arthropode,Idotea neglecta,Idotea neglecta,atlantique
Arthropode,Idunella picta,Idunella picta,atlantique
Arthropode,Ilie lisse,Ilia nucleus,mediterranee
Arthropode,Macropode commun,Inachus communissimus,mediterranee
Arthropode,Crabe-araignée scorpion,Inachus dorsettensis,"atlantique,mediterranee"
Arthropode,Inachus leptochirus,Inachus leptochirus,"atlantique,mediterranee"
Arthropode,Araignée des anémones,Inachus phalangium,"atlantique,mediterranee"
Arthropode,Inachus thoracicus,Inachus thoracicus,mediterranee
Arthropode,Ione thoracica,Ione thoracica,atlantique
Arthropode,Iphinoe trispinosa,Iphinoe trispinosa,atlantique
Arthropode,Isaea montagui,Isaea montagui,atlantique
Arthropode,Isocyamus delphinii,Isocyamus delphinii,atlantique
Arthropode,Isopodidus janum,Isopodidus janum,atlantique
Arthropode,Jaera albifrons,Jaera albifrons,
Arthropode,Jaera (Jaera) hopeana,Jaera hopeana,atlantique
Arthropode,Jaera (Jaera) italica,Jaera italica,mediterranee
Arthropode,Jaera (Jaera) nordmanni,Jaera nordmanni,"atlantique,mediterranee"
Arthropode,Janira maculosa,Janira maculosa,"atlantique,mediterranee"
Arthropode,Jassa falcata,Jassa falcata,atlantique
Arthropode,Jassa marbrée,Jassa marmorata,atlantique
Arthropode,Langouste australe,Jasus edwardsii,
Arthropode,Langouste de Juan Fernandez,Jasus frontalis,
Arthropode,Langouste du Cap,Jasus lalandii,atlantique
Arthropode,crevette polaire,Lebbeus polaris,
Arthropode,Lekanesphaera hookeri,Lekanesphaera hookeri,"atlantique,mediterranee"
Arthropode,Lekanesphaera levii,Lekanesphaera levii,atlantique
Arthropode,Lekanesphaera monodi,Lekanesphaera monodi,atlantique
Arthropode,Lekanesphaera rugicauda,Lekanesphaera rugicauda,atlantique
Arthropode,Lembos websteri,Lembos websteri,atlantique
Arthropode,Anatife,Lepas anatifera,mediterranee
Arthropode,Leptocheirus hirsutimanus,Leptocheirus hirsutimanus,atlantique
Arthropode,Leptodius affinis,Leptodius affinis,atlantique
Arthropode,Purple Rock Crab,Leptograpsus variegatus,
Arthropode,Leptomithrax gaimardii,Leptomithrax gaimardii,mediterranee
Arthropode,Leptomysis buergii,Leptomysis buergii,mediterranee
Arthropode,Leptomysis lingvura,Leptomysis lingvura,"atlantique,mediterranee"
Arthropode,Leptomysis mediterranea,Leptomysis mediterranea,"atlantique,mediterranee"
Arthropode,Crabe violoniste,Leptuca pugilator,
Arthropode,Leucothoe incisa,Leucothoe incisa,atlantique
Arthropode,Leucothoe richiardii,Leucothoe richiardii,mediterranee
Arthropode,Leucothoe spinicarpa,Leucothoe spinicarpa,"atlantique,mediterranee"
Arthropode,southern spider crab,Libidoclaea granaria,
Arthropode,crabe à neuf épines,Libinia emarginata,
Arthropode,Wharf Isopod,Ligia exotica,
Arthropode,Ligie italique (La),Ligia italica,mediterranee
Arthropode,Western Sea Roach,Ligia occidentalis,
Arthropode,Ligie océanique,Ligia oceanica,atlantique
Arthropode,Ligie des hypnes (La),Ligidium hypnorum,
Arthropode,Mysidacé ponto-caspien,Limnomysis benedeni,
Arthropode,Limnoria quadripunctata,Limnoria quadripunctata,atlantique
Arthropode,"Étrille à pattes bleues (L'), Étrille pattes bleues (L'), Portune plissé (Le)",Liocarcinus depurator,
Arthropode,"Crabe nageur (Le), Étrille d'eau froide (L'), Portune holsatien (Le)",Liocarcinus holsatus,
Arthropode,Portune petit (Le),Liocarcinus pusillus,
Arthropode,"Étrille lisse (L'), Étrille cendrée (L')",Liocarcinus vernalis,mediterranee
Arthropode,crabe royal de roche,Lithodes maja,
Arthropode,crabe royal de Patagonie,Lithodes santolla,
Arthropode,Loxorhynchus grandis,Loxorhynchus grandis,atlantique
Arthropode,Lucifer typus,Lucifer typus,mediterranee
Arthropode,Lysianassa ceratina,Lysianassa ceratina,atlantique
Arthropode,Crevette-barbier d'Amboine,Lysmata amboinensis,"atlantique,mediterranee"
Arthropode,Lysmata debelius,Lysmata debelius,mediterranee
Arthropode,Lysmata kuekenthali,Lysmata kuekenthali,mediterranee
Arthropode,Crevette à bandes rouges,Lysmata nilita,mediterranee
Arthropode,Crevette nettoyeuse rouge,Lysmata seticaudata,"atlantique,mediterranee"
Arthropode,Macarorchestia microphtalma,Macarorchestia microphtalma,atlantique
Arthropode,Macrobrachium asperulum,Macrobrachium asperulum,
Arthropode,Crabe-araignée géant du Japon,Macrocheira kaempferi,"atlantique,mediterranee"
Arthropode,Macropode de Czernjawski,Macropodia czernjawskii,mediterranee
Arthropode,Macropode à rostre plongeant,Macropodia deflexa,atlantique
Arthropode,Macropode de Linarès,Macropodia linaresi,atlantique
Arthropode,Macropode à long rostre,Macropodia longirostris,mediterranee
Arthropode,Macropode rostré,Macropodia rostrata,"atlantique,mediterranee"
Arthropode,Maera grossimana,Maera grossimana,"atlantique,mediterranee"
Arthropode,Araignée de mer,Maja brachydactyla,"atlantique,mediterranee"
Arthropode,Araignée commune,Maja crispata,mediterranee
Arthropode,Araignée de mer,Maja squinado,"atlantique,mediterranee"
Arthropode,Marinogammarus obtusatus,Marinogammarus obtusatus,atlantique
Arthropode,Dorippe laineuse,Medorippe lanata,mediterranee
Arthropode,Krill atlantique,Meganyctiphanes norvegica,mediterranee
Arthropode,Melita hergensis,Melita hergensis,atlantique
Arthropode,Melita palmata,Melita palmata,atlantique
Arthropode,Mesopodopsis slabberi,Mesopodopsis slabberi,"atlantique,mediterranee"
Arthropode,Metacarcinus anthonyi,Metacarcinus anthonyi,atlantique
Arthropode,tourteau mola,Metacarcinus edwardsii,
Arthropode,crabe gracile,Metacarcinus gracilis,
Arthropode,crabe dormeur,Metacarcinus magister,
Arthropode,New Zealand lobster,Metanephrops challengeri,
Arthropode,crevette devo,Metapenaeus endeavouri,
Arthropode,crevette glissante,Metapenaeus ensis,
Arthropode,Metopograpsus thukuhar,Metopograpsus thukuhar,mediterranee
Arthropode,Microdeutopus chelifer,Microdeutopus chelifer,atlantique
Arthropode,Microdeutopus gryllotalpa,Microdeutopus gryllotalpa,atlantique
Arthropode,Atlantic Mud Fiddler Crab,Minuca pugnax,
Arthropode,Monocorophium sextonae,Monocorophium sextonae,atlantique
Arthropode,Monodaeus couchii,Monodaeus couchii,atlantique
Arthropode,Galathée rose,Munida rugosa,"atlantique,mediterranee"
Arthropode,Munna kroyeri,Munna kroyeri,atlantique
Arthropode,Mysidopsis gibbosa,Mysidopsis gibbosa,mediterranee
Arthropode,Nannonyx goesii,Nannonyx goesii,atlantique
Arthropode,Nébalie orangée,Nebalia bipes,atlantique
Arthropode,Étrille,Necora puber,"atlantique,mediterranee"
Arthropode,rough rock crab,Nectocarcinus integrifrons,
Arthropode,Bouquet couac,Nematopalaemon schmitti,
Arthropode,Neocaridina davidi,Neocaridina davidi,"atlantique,mediterranee"
Arthropode,saltarelle scie,Neocaridina denticulata,
Arthropode,Neocaridina ketagalan,Neocaridina ketagalan,atlantique
Arthropode,Crevette cendrée,Neocrangon communis,
Arthropode,Granulated Crab,Neohelice granulata,
Arthropode,Neomysis integer,Neomysis integer,atlantique
Arthropode,Langoustine commune,Nephrops norvegicus,"atlantique,mediterranee"
Arthropode,Isopode à deux bandes,Nerocila bivittata,mediterranee
Arthropode,Nesiotoniscus ribensis,Nesiotoniscus ribensis,mediterranee
Arthropode,Niphargus ladmiraulti,Niphargus ladmiraulti,atlantique
Arthropode,Niphargus vandeli,Niphargus vandeli,mediterranee
Arthropode,Nototropis swammerdamei,Nototropis swammerdamei,atlantique
Arthropode,Nototropis vedlomensis,Nototropis vedlomensis,
Arthropode,Pacific ghost crab,Ocypode gaudichaudii,
Arthropode,crabe fantôme atlantique,Ocypode quadrata,atlantique
Arthropode,Aselle des murs,Oniscus asellus,
Arthropode,Puce d'algues,Orchestia gammarellus,"atlantique,mediterranee"
Arthropode,Orchestia mediterranea,Orchestia mediterranea,"atlantique,mediterranee"
Arthropode,Orchestia montagui,Orchestia montagui,mediterranee
Arthropode,crabe chevelu,Oregonia gracilis,
Arthropode,Othomaera othonis,Othomaera othonis,
Arthropode,Sand Crab,Ovalipes australiensis,
Arthropode,crabe à ocelles,Ovalipes ocellatus,
Arthropode,Pachygrapsus crassipes,Pachygrapsus crassipes,atlantique
Arthropode,Crabe marbré,Pachygrapsus marmoratus,"atlantique,mediterranee"
Arthropode,Grapse noir,Pachygrapsus maurus,mediterranee
Arthropode,Crabe du rivage à bandes droites,Pachygrapsus transversus,"atlantique,mediterranee"
Arthropode,Écrevisse signal,Pacifastacus leniusculus,"atlantique,mediterranee"
Arthropode,Bernard-l'ermite rouge de récif,Paguristes cadenati,mediterranee
Arthropode,Piade,Paguristes eremita,mediterranee
Arthropode,Paguristes streaensis,Paguristes streaensis,mediterranee
Arthropode,Pagure anachorète,Pagurus anachoretus,mediterranee
Arthropode,Bernard l'ermite commun,Pagurus bernhardus,atlantique
Arthropode,Pagure de Chevreux,Pagurus chevreuxi,mediterranee
Arthropode,Pagure poilu,Pagurus cuanensis,"atlantique,mediterranee"
Arthropode,Pagurus excavatus,Pagurus excavatus,mediterranee
Arthropode,bernard-l'ermite granuleux,Pagurus granosimanus,
Arthropode,bernard-l'ermite hirsute,Pagurus hirsutiusculus,
Arthropode,bernard-l'ermite à longs bras,Pagurus longicarpus,
Arthropode,Pagurus pollicaris,Pagurus pollicaris,atlantique
Arthropode,Pagure de Prideaux,Pagurus prideaux,"atlantique,mediterranee"
Arthropode,bernard-l'ermite de Samuel,Pagurus samuelis,
Arthropode,Pagurus spilocarpus,Pagurus spilocarpus,atlantique
Arthropode,Bouquet balte,Palaemon adspersus,"atlantique,mediterranee"
Arthropode,Palaemon affinis,Palaemon affinis,atlantique
Arthropode,Petite crevette rose,Palaemon elegans,"atlantique,mediterranee"
Arthropode,Bouquet delta,Palaemon longirostris,atlantique
Arthropode,Crevette à gros doigts,Palaemon macrodactylus,atlantique
Arthropode,Bouquet oriental des herbiers,Palaemon paludosus,atlantique
Arthropode,Grande crevette rose,Palaemon serratus,"atlantique,mediterranee"
Arthropode,Bouquet des canaux,Palaemon varians,"atlantique,mediterranee"
Arthropode,Bouquet des marais,Palaemon vulgaris,
Arthropode,Bouquet des posidonies,Palaemon xiphias,mediterranee
Arthropode,Palaemon zariquieyi,Palaemon zariquieyi,mediterranee
Arthropode,Langouste rouge,Palinurus elephas,"atlantique,mediterranee"
Arthropode,Langouste rose,Palinurus mauritanicus,mediterranee
Arthropode,Pandaline à rostre court,Pandalina brevirostris,atlantique
Arthropode,"Crevette nordique (La), Crevette boréale (La), Crevette du Groenland (La), Crevette rose (La)",Pandalus borealis,
Arthropode,Crevette des quais,Pandalus danae,
Arthropode,crevette à flancs rayés,Pandalus dispar,
Arthropode,crevette rose d'Alaska,Pandalus eous,
Arthropode,crevette à front rayé,Pandalus hypsinotus,
Arthropode,crevette océanique,Pandalus jordani,
Arthropode,Crevette striée,Pandalus montagui,
Arthropode,Crevette tache,Pandalus platyceros,
Arthropode,Langouste des Caraïbes,Panulirus argus,"atlantique,mediterranee"
Arthropode,Langouste australienne,Panulirus cygnus,
Arthropode,Langouste du Mexique,Panulirus interruptus,"atlantique,mediterranee"
Arthropode,Langouste peinte,Panulirus versicolor,atlantique
Arthropode,Paracerceis sculpta,Paracerceis sculpta,mediterranee
Arthropode,Crabe bosselé de Monod,Paractaea monodi,mediterranee
Arthropode,Paractaea rufopunctata,Paractaea rufopunctata,mediterranee
Arthropode,Paragalene longicrura,Paragalene longicrura,mediterranee
Arthropode,Gnathia-fourmi,Paragnathia formica,atlantique
Arthropode,Paragrapsus gaimardii,Paragrapsus gaimardii,atlantique
Arthropode,Parajassa pelagica,Parajassa pelagica,atlantique
Arthropode,Paralithodes californiensis,Paralithodes californiensis,atlantique
Arthropode,crabe royal du Kamtchatka,Paralithodes camtschaticus,
Arthropode,crabe royal hérisson,Paralomis granulosa,
Arthropode,Paramysis arenosa,Paramysis arenosa,atlantique
Arthropode,Paranthura nigropunctata,Paranthura nigropunctata,atlantique
Arthropode,Crevette kidi,Parapenaeopsis stylifera,mediterranee
Arthropode,Crevette rose du large,Parapenaeus longirostris,mediterranee
Arthropode,Parasinelobus chevreuxi,Parasinelobus chevreuxi,atlantique
Arthropode,Paratya,Paratya curvirostris,
Arthropode,Pariambus typicus,Pariambus typicus,atlantique
Arthropode,Paromole de Cuvier,Paromola cuvieri,"atlantique,mediterranee"
Arthropode,Parthenopoides massena,Parthenopoides massena,mediterranee
Arthropode,Parvonotus spinosus,Parvonotus spinosus,atlantique
Arthropode,Sivade rose,Pasiphaea multidentata,mediterranee
Arthropode,crevette du Pacifique,Pasiphaea pacifica,
Arthropode,Sivade blanche,Pasiphaea sivado,"atlantique,mediterranee"
Arthropode,Pectenogammarus foxi,Pectenogammarus foxi,mediterranee
Arthropode,Pectenogammarus monomerus,Pectenogammarus monomerus,mediterranee
Arthropode,Peltarion spinulosum,Peltarion spinulosum,
Arthropode,Peltocoxa damnoniensis,Peltocoxa damnoniensis,atlantique
Arthropode,Crevette royale grise,Penaeus aztecus,mediterranee
Arthropode,Crevette cristal,Penaeus brevirostris,mediterranee
Arthropode,Crevette rodché du nord,Penaeus duorarum,
Arthropode,Crevette tigrée brune,Penaeus esculentus,mediterranee
Arthropode,Indian prawn,Penaeus indicus,
Arthropode,Crevette japonaise tigrée,Penaeus japonicus,"atlantique,mediterranee"
Arthropode,Crevette caramote,Penaeus kerathurus,mediterranee
Arthropode,Crevette géante tigrée,Penaeus monodon,"atlantique,mediterranee"
Arthropode,Crevette rodché du Sud,Penaeus notialis,
Arthropode,Crevette ligubam du sud,Penaeus schmitti,
Arthropode,crevette tigrée verte,Penaeus semisulcatus,
Arthropode,Crevette ligubam du nord,Penaeus setiferus,
Arthropode,Crevette à pattes blanches,Penaeus vannamei,"atlantique,mediterranee"
Arthropode,Rockweed isopod,Pentidotea wosnesenskii,
Arthropode,Crabe plat des oursins,Percnon gibbesi,mediterranee
Arthropode,Pereionotus testudo,Pereionotus testudo,"atlantique,mediterranee"
Arthropode,Péricliménès grand V,Periclimenes aegylios,mediterranee
Arthropode,Péricliménès améthyste,Periclimenes amethysteus,mediterranee
Arthropode,Péricliménès atlantique,Periclimenes sagittifer,atlantique
Arthropode,Péricliménès transparente,Periclimenes scriptus,mediterranee
Arthropode,Perioculodes longimanus,Perioculodes longimanus,
Arthropode,Pagure géant des lambis,Petrochirus diogenes,atlantique
Arthropode,Philocheras bispinosus,Philocheras bispinosus,"atlantique,mediterranee"
Arthropode,Philocheras à bandes colorées,Philocheras fasciatus,"atlantique,mediterranee"
Arthropode,Philocheras monacanthus,Philocheras monacanthus,mediterranee
Arthropode,Philocheras sculptus,Philocheras sculptus,atlantique
Arthropode,Petite crevette grise,Philocheras trispinosus,"atlantique,mediterranee"
Arthropode,Philoscia affinis,Philoscia affinis,
Arthropode,Philoscie des mousses (La),Philoscia muscorum,
Arthropode,Photis longicaudata,Photis longicaudata,
Arthropode,Phronime sédentaire,Phronima sedentaria,"atlantique,mediterranee"
Arthropode,Phronimella elongata,Phronimella elongata,mediterranee
Arthropode,Phtisice marine,Phtisica marina,"atlantique,mediterranee"
Arthropode,Phymatoniscus propinquus,Phymatoniscus propinquus,mediterranee
Arthropode,crabe poilu rouge,Pilumnus hirtellus,"atlantique,mediterranee"
Arthropode,Pilumnus sayi,Pilumnus sayi,mediterranee
Arthropode,Pilumne épineux,Pilumnus spinifer,mediterranee
Arthropode,Pilumne à poils soyeux,Pilumnus villosissimus,mediterranee
Arthropode,Pinnothère des amandes de mer,Pinnotheres pectunculi,atlantique
Arthropode,Pinnothère,Pinnotheres pisum,"atlantique,mediterranee"
Arthropode,Pirimèle denticulé,Pirimela denticulata,"atlantique,mediterranee"
Arthropode,Pise armée,Pisa armata,"atlantique,mediterranee"
Arthropode,Lissa goutteuse,Pisa chiragra,"atlantique,mediterranee"
Arthropode,Pise à rostre pointu,Pisa hirticornis,atlantique
Arthropode,Pise à pattes noueuses,Pisa nodipes,"atlantique,mediterranee"
Arthropode,Pise à quatre dents,Pisa tetraodon,"atlantique,mediterranee"
Arthropode,Crabe-porcelaine de Méditerranée,Pisidia bluteli,mediterranee
Arthropode,Crabe porcelaine à longues pinces,Pisidia longicornis,"atlantique,mediterranee"
Arthropode,Crabe de Christophe Colomb,Planes minutus,"atlantique,mediterranee"
Arthropode,Puce de mer,Platorchestia platensis,mediterranee
Arthropode,Platyarthrus aiasensis,Platyarthrus aiasensis,mediterranee
Arthropode,Platyarthrus caudatus,Platyarthrus caudatus,"atlantique,mediterranee"
Arthropode,Platyarthrus costulatus,Platyarthrus costulatus,mediterranee
Arthropode,Platyarthrus esterelanus,Platyarthrus esterelanus,mediterranee
Arthropode,Cloporte des fourmis,Platyarthrus hoffmannseggii,"atlantique,mediterranee"
Arthropode,Platyarthrus schoblii,Platyarthrus schoblii,mediterranee
Arthropode,crabe armé,Platymera gaudichaudii,
Arthropode,Platyscelus ovoides,Platyscelus ovoides,mediterranee
Arthropode,Salicoque rouge d'Argentine,Pleoticus muelleri,mediterranee
Arthropode,Crevette édouard,Plesionika edwardsii,mediterranee
Arthropode,Crevette flèche,Plesionika heterocarpus,mediterranee
Arthropode,Crevette narval,Plesionika narval,mediterranee
Arthropode,Pleurocrypta microbranchiata,Pleurocrypta microbranchiata,"atlantique,mediterranee"
Arthropode,Pleurocrypta porcellanaelongicornis,Pleurocrypta porcellanaelongicornis,atlantique
Arthropode,Pliophrixus philonika,Pliophrixus philonika,mediterranee
Arthropode,Podocère varié,Podocerus variegatus,"atlantique,mediterranee"
Arthropode,Crabe nageur de Bolivar,Polybius bolivari,mediterranee
Arthropode,Étrille fripée,Polybius corrugatus,"atlantique,mediterranee"
Arthropode,Étrille à pattes bleues,Polybius depurator,"atlantique,mediterranee"
Arthropode,Polybius dioscurus,Polybius dioscurus,atlantique
Arthropode,Crabe à sardines,Polybius henslowii,atlantique
Arthropode,Etrille d'eau froide,Polybius holsatus,"atlantique,mediterranee"
Arthropode,Polybius maculatus,Polybius maculatus,mediterranee
Arthropode,Portune marbré,Polybius marmoreus,atlantique
Arthropode,Etrille arquée,Polybius navigator,"atlantique,mediterranee"
Arthropode,Crabe nageur,Polybius pusillus,"atlantique,mediterranee"
Arthropode,Étrille lisse,Polybius vernalis,"atlantique,mediterranee"
Arthropode,Crabe nageur de Zariquiey,Polybius zariquieyi,atlantique
Arthropode,Ecrevisse à pattes grêles,Pontastacus leptodactylus,"atlantique,mediterranee"
Arthropode,Pontocrates altamarinus,Pontocrates altamarinus,atlantique
Arthropode,Pontocrates arenarius,Pontocrates arenarius,
Arthropode,Crevette commensale de la grande nacre,Pontonia pinnophylax,mediterranee
Arthropode,crevette de Norvège,Pontophilus norvegicus,
Arthropode,Porcellane grise,Porcellana platycheles,"atlantique,mediterranee"
Arthropode,Isopod,Porcellio dilatatus,
Arthropode,Cloporte lisse (Le),Porcellio laevis,
Arthropode,Porcellio monticola,Porcellio monticola,
Arthropode,Common Rough Woodlouse,Porcellio scaber,
Arthropode,Porcellion peint,Porcellio spinicornis,
Arthropode,Porcellionides cingendus,Porcellionides cingendus,
Arthropode,Porcellion frontal,Porcellionides pruinosus,
Arthropode,Étrille élégante,Portumnus latipes,"atlantique,mediterranee"
Arthropode,Portunus armatus,Portunus armatus,
Arthropode,Portunus monspeliensis,Portunus monspeliensis,mediterranee
Arthropode,"Étrille pélagique (L'), Lupée pélagique (La)",Portunus pelagicus,
Arthropode,Crabe bleu de Turquie,Potamon ibericum,mediterranee
Arthropode,Crevette caméléon de la mer du Nord,Praunus flexuosus,atlantique
Arthropode,Praunus inermis,Praunus inermis,mediterranee
Arthropode,Praunus neglectus,Praunus neglectus,atlantique
Arthropode,Proasellus banyulensis,Proasellus banyulensis,mediterranee
Arthropode,Proasellus coxalis,Proasellus coxalis,mediterranee
Arthropode,Proasellus meridianus,Proasellus meridianus,atlantique
Arthropode,écrevisse blanche de rivière,Procambarus acutus,
Arthropode,Procambarus alleni,Procambarus alleni,atlantique
Arthropode,Écrevisse de Louisiane,Procambarus clarkii,"atlantique,mediterranee"
Arthropode,Écrevisse marbrée,Procambarus virginalis,mediterranee
Arthropode,Crevette-autruche à rostre pointu,Processa acutirostris,mediterranee
Arthropode,Crevette-autruche comestible,Processa edulis,"atlantique,mediterranee"
Arthropode,Crevette-autruche élégante,Processa elegantula,mediterranee
Arthropode,Crevette-autruche à gros yeux,Processa macrophthalma,mediterranee
Arthropode,Processa modica,Processa modica,mediterranee
Arthropode,Processa nouveli,Processa nouveli,"atlantique,mediterranee"
Arthropode,Crevette-autruche robuste,Processa robusta,mediterranee
Arthropode,Pseudocuma longicorne,Pseudocuma longicorne,
Arthropode,Caprelle phasme,Pseudoprotella phasma,"atlantique,mediterranee"
Arthropode,crabe feuillé,Pugettia foliata,
Arthropode,Pugettia producta,Pugettia producta,atlantique
Arthropode,crabe de Rich,Pugettia richii,
Arthropode,Crabe de vase américain,Rhithropanopeus harrisii,"atlantique,mediterranee"
Arthropode,Crevette danseuse de Durban,Rhynchocinetes durbanensis,atlantique
Arthropode,crevette gambri jaune,Rimapenaeus similis,
Arthropode,Squille de Desmarest,Rissoides desmaresti,atlantique
Arthropode,crabe de Californie,Romaleon antennarium,
Arthropode,Hairy Rock Crab,Romaleon setosum,
Arthropode,crevette à sept carènes,Sabinea septemcarinata,
Arthropode,Saduria entomon,Saduria entomon,
Arthropode,Scina crassicornis,Scina crassicornis,mediterranee
Arthropode,Crevette de roche,Sclerocrangon boreas,
Arthropode,Crabe de mangrove,Scylla serrata,
Arthropode,Grande cigale de mer,Scyllarides latus,"atlantique,mediterranee"
Arthropode,Petite cigale de mer,Scyllarus arctus,"atlantique,mediterranee"
Arthropode,Cigale de mer naine,Scyllarus pygmaeus,mediterranee
Arthropode,Boucot de Méditerranée,Sicyonia carinata,mediterranee
Arthropode,Siriella armata,Siriella armata,"atlantique,mediterranee"
Arthropode,Siriella clausii,Siriella clausii,mediterranee
Arthropode,Siriella jaltensis,Siriella jaltensis,atlantique
Arthropode,Siriella thompsonii,Siriella thompsonii,mediterranee
Arthropode,Crabe de Zariquiey,Sirpus zariquieyi,mediterranee
Arthropode,Crevette Rouge Chinoise,Solenocera melantho,mediterranee
Arthropode,Salicoque des vases,Solenocera membranacea,mediterranee
Arthropode,Sphaerobathytropa ribauti,Sphaerobathytropa ribauti,mediterranee
Arthropode,Sphaeroma serratum,Sphaeroma serratum,"atlantique,mediterranee"
Arthropode,Spinolambrus macrochelos,Spinolambrus macrochelos,mediterranee
Arthropode,crevette de Holmes,Spirontocaris holmesi,
Arthropode,American Mantis Shrimp,Squilla empusa,
Arthropode,Squille ocellée,Squilla mantis,mediterranee
Arthropode,Stenasellus virei,Stenasellus virei,mediterranee
Arthropode,Stenoniscus pleonalis,Stenoniscus pleonalis,"atlantique,mediterranee"
Arthropode,Stenophiloscia glarearum,Stenophiloscia glarearum,mediterranee
Arthropode,"Crevette à bandes (La), Crevette épineuse (La)",Stenopus hispidus,
Arthropode,Crevette cavernicole jaune,Stenopus spinosus,mediterranee
Arthropode,Araignée nez pointu,Stenorhynchus seticornis,"atlantique,mediterranee"
Arthropode,Stenosoma acuminatum,Stenosoma acuminatum,atlantique
Arthropode,Idotée à grandes pattes,Stenosoma appendiculatum,mediterranee
Arthropode,Sténosome à grosse tête,Stenosoma capito,mediterranee
Arthropode,Sténosome porte-lance,Stenosoma lancifer,"atlantique,mediterranee"
Arthropode,Stenothoe monoculoides,Stenothoe monoculoides,atlantique
Arthropode,Sunamphitoe pelagica,Sunamphitoe pelagica,atlantique
Arthropode,Synchelidium maculatum,Synchelidium maculatum,
Arthropode,Idotée étique,Synischia hectica,mediterranee
Arthropode,Talitrus platycheles,Talitrus platycheles,mediterranee
Arthropode,Talitre sauteur,Talitrus saltator,atlantique
Arthropode,Tanais dulongii,Tanais dulongii,atlantique
Arthropode,Tanaopsis graciloides,Tanaopsis graciloides,
Arthropode,crabe casqué,Telmessus cheiragonus,
Arthropode,Themisto gaudichaudii,Themisto gaudichaudii,
Arthropode,Themisto libellula,Themisto libellula,
Arthropode,Parathemisto pacifica,Themisto pacifica,
Arthropode,Crabe-écusson,Thia scutellata,atlantique
Arthropode,Crevette danseuse,Thor amboinensis,"atlantique,mediterranee"
Arthropode,bryozoan shrimp,Thor floridanus,
Arthropode,Thysanoessa macrura,Thysanoessa macrura,
Arthropode,Cloporte de Rathke,Trachelipus rathkii,
Arthropode,Trichoniscoides arcangelii,Trichoniscoides arcangelii,mediterranee
Arthropode,Common Pygmy Woodlouse,Trichoniscus pusillus,
Arthropode,Isopod,Trichoniscus pygmaeus,
Arthropode,Tryphosa nana,Tryphosa nana,atlantique
Arthropode,Tryphosites longipes,Tryphosites longipes,
Arthropode,Bowed Fiddler Crab,Tubuca arcuata,
Arthropode,Tylos europaeus,Tylos europaeus,atlantique
Arthropode,Tylos ponticus,Tylos ponticus,mediterranee
Arthropode,Typhlocirolana moraguesi,Typhlocirolana moraguesi,mediterranee
Arthropode,Upogebia deltaura,Upogebia deltaura,atlantique
Arthropode,Gébie minuscule,Upogebia pusilla,"atlantique,mediterranee"
Arthropode,Upogebia stellata,Upogebia stellata,atlantique
Arthropode,Urobopyrus processae,Urobopyrus processae,"atlantique,mediterranee"
Arthropode,longtail grass shrimp,Urocaris longicaudata,
Arthropode,Urothoe elegans,Urothoe elegans,
Arthropode,Urothoe poseidonis,Urothoe poseidonis,atlantique
Arthropode,Urothoe pulchella,Urothoe pulchella,atlantique
Arthropode,Westwoodilla caecula,Westwoodilla caecula,
Arthropode,Xaiva,Xaiva biguttata,"atlantique,mediterranee"
Arthropode,Crabe de pierre,Xantho hydrophilus,"atlantique,mediterranee"
Arthropode,Xanthe poilu,Xantho pilipes,"atlantique,mediterranee"
Arthropode,Xanthe de Méditerranée,Xantho poressa,mediterranee
Arthropode,Zeuxo holdichi,Zeuxo holdichi,"atlantique,mediterranee"
Bryozoaire,Adenifera armata,Adenifera armata,
Bryozoaire,Adéonelle,Adeonella calveti,mediterranee
Bryozoaire,Adéonelle de Méditerranée orientale,Adeonella pallasii,mediterranee
Bryozoaire,Adeonellopsis pentapora,Adeonellopsis pentapora,
Bryozoaire,Aetea anguina,Aetea anguina,"atlantique,mediterranee"
Bryozoaire,Aetea lepadiformis,Aetea lepadiformis,mediterranee
Bryozoaire,Aetea longicollis,Aetea longicollis,mediterranee
Bryozoaire,Aetea sica,Aetea sica,mediterranee
Bryozoaire,Aetea truncata,Aetea truncata,mediterranee
Bryozoaire,Akatopora tincta,Akatopora tincta,
Bryozoaire,Alcyonidioides mytili,Alcyonidioides mytili,atlantique
Bryozoaire,Alcyonidium albidum,Alcyonidium albidum,atlantique
Bryozoaire,Alcyonidium condylocinereum,Alcyonidium condylocinereum,
Bryozoaire,Alcyonidium diaphanum,Alcyonidium diaphanum,atlantique
Bryozoaire,Alcyonidium duplex,Alcyonidium duplex,mediterranee
Bryozoaire,Alcyonidium gelatinosum,Alcyonidium gelatinosum,atlantique
Bryozoaire,Rubbery Bryozoan,Alcyonidium hauffi,
Bryozoaire,Alcyonidium hirsutum,Alcyonidium hirsutum,atlantique
Bryozoaire,Alcyonidium mamillatum,Alcyonidium mamillatum,
Bryozoaire,Alcyonidium parasiticum,Alcyonidium parasiticum,atlantique
Bryozoaire,Alcyonidium polyoum,Alcyonidium polyoum,atlantique
Bryozoaire,Alderina imbellis,Alderina imbellis,
Bryozoaire,Amathia citrina,Amathia citrina,"atlantique,mediterranee"
Bryozoaire,Amathia crispa,Amathia crispa,
Bryozoaire,Bryode rampant,Amathia gracilis,atlantique
Bryozoaire,Bryo-balayette,Amathia imbricata,atlantique
Bryozoaire,Amathie à poux,Amathia lendigera,"atlantique,mediterranee"
Bryozoaire,Amathia pruvoti,Amathia pruvoti,atlantique
Bryozoaire,Amathia pustulosa,Amathia pustulosa,
Bryozoaire,Bryozoaire spaghetti,Amathia verticillata,"atlantique,mediterranee"
Bryozoaire,Amathie de Vidovic,Amathia vidovici,atlantique
Bryozoaire,Amphiblestrum auritum,Amphiblestrum auritum,
Bryozoaire,Amphiblestrum flemingii,Amphiblestrum flemingii,
Bryozoaire,Anguinella palmata,Anguinella palmata,atlantique
Bryozoaire,Annectocyma major,Annectocyma major,mediterranee
Bryozoaire,Annectocyma tubulosa,Annectocyma tubulosa,mediterranee
Bryozoaire,shielded bryozoan,Aquiloniella scabra,
Bryozoaire,Arbopercula angulata,Arbopercula angulata,mediterranee
Bryozoaire,Bryozoan,Aspidelectra melolontha,
Bryozoaire,Bantariella verticillata,Bantariella verticillata,mediterranee
Bryozoaire,Béania enroulé,Beania cylindrica,mediterranee
Bryozoaire,Beania hirtissima,Beania hirtissima,mediterranee
Bryozoaire,Béania réticulé,Beania magellanica,mediterranee
Bryozoaire,Beania mediterranea,Beania mediterranea,mediterranee
Bryozoaire,Beania mirabilis,Beania mirabilis,mediterranee
Bryozoaire,Beania regularis,Beania regularis,
Bryozoaire,Beania serrata,Beania serrata,atlantique
Bryozoaire,Bryozoaire flocon blanc,Bicellariella ciliata,"atlantique,mediterranee"
Bryozoaire,Biflustra arborescens,Biflustra arborescens,
Bryozoaire,Bowerbankia gracilis,Bowerbankia gracilis,
Bryozoaire,Bugule brune,Bugula neritina,"atlantique,mediterranee"
Bryozoaire,Bugule,Bugula sp.,"atlantique,mediterranee"
Bryozoaire,bird's head coralline,Bugulina avicularia,
Bryozoaire,Petite bugule parasol,Bugulina calathus,"atlantique,mediterranee"
Bryozoaire,Spiral Bryozoan,Bugulina californica,
Bryozoaire,Bugule flabellée,Bugulina flabellata,atlantique
Bryozoaire,Bugulina fulva,Bugulina fulva,mediterranee
Bryozoaire,Bugule simple,Bugulina simplex,"atlantique,mediterranee"
Bryozoaire,Bugulina stolonifera,Bugulina stolonifera,"atlantique,mediterranee"
Bryozoaire,Bugule spiralée,Bugulina turbinata,"atlantique,mediterranee"
Bryozoaire,Bryozoaire à fouet,Caberea boryi,mediterranee
Bryozoaire,Caberea darwinii,Caberea darwinii,
Bryozoaire,Caberea ellisii,Caberea ellisii,
Bryozoaire,Callopora craticula,Callopora craticula,
Bryozoaire,Callopora dumerilii,Callopora dumerilii,"atlantique,mediterranee"
Bryozoaire,Callopora lineata,Callopora lineata,mediterranee
Bryozoaire,Callopora rylandi,Callopora rylandi,atlantique
Bryozoaire,Bryozoaire encroûtant blanc,Calpensia nobilis,mediterranee
Bryozoaire,Calyptotheca rugosa,Calyptotheca rugosa,mediterranee
Bryozoaire,Cardioecia watersi,Cardioecia watersi,mediterranee
Bryozoaire,Caulibugula arcasounensis,Caulibugula arcasounensis,atlantique
Bryozoaire,Caulibugula zanzibariensis,Caulibugula zanzibariensis,atlantique
Bryozoaire,Cauloramphus spiniferum,Cauloramphus spiniferum,atlantique
Bryozoaire,Cellaire fistuleuse,Cellaria fistulosa,"atlantique,mediterranee"
Bryozoaire,Cellaire salicorne,Cellaria salicornioides,"atlantique,mediterranee"
Bryozoaire,Cellaire sinueuse,Cellaria sinuosa,atlantique
Bryozoaire,Cellépore pierreuse orange,Cellepora pumicosa,"atlantique,mediterranee"
Bryozoaire,Celleporaria brun,Celleporaria brunnea,"atlantique,mediterranee"
Bryozoaire,Bryode croûte-de-verre,Celleporella hyalina,atlantique
Bryozoaire,Celleporina caliciformis,Celleporina caliciformis,"atlantique,mediterranee"
Bryozoaire,Celleporina caminata,Celleporina caminata,mediterranee
Bryozoaire,Cellépore globuleux,Celleporina mangnevillana,mediterranee
Bryozoaire,Chartelle,Chartella papyracea,atlantique
Bryozoaire,Chartelle jaune de Méditerranée,Chartella papyrea,mediterranee
Bryozoaire,Chartelle délicate de Méditerranée,Chartella tenella,mediterranee
Bryozoaire,Chlidonia pyriformis,Chlidonia pyriformis,mediterranee
Bryozoaire,Chorizopore de Brongniart,Chorizopora brongniartii,"atlantique,mediterranee"
Bryozoaire,Collarina balzaci,Collarina balzaci,mediterranee
Bryozoaire,Collarina denticulata,Collarina denticulata,mediterranee
Bryozoaire,Collarina gautieri,Collarina gautieri,mediterranee
Bryozoaire,Conopeum réticulé,Conopeum reticulum,"atlantique,mediterranee"
Bryozoaire,Conopeum seurati,Conopeum seurati,"atlantique,mediterranee"
Bryozoaire,Copidozoum tenuirostre,Copidozoum tenuirostre,mediterranee
Bryozoaire,Corbulella maderensis,Corbulella maderensis,mediterranee
Bryozoaire,Coronellina fagei,Coronellina fagei,mediterranee
Bryozoaire,Cradoscrupocellaria ellisi,Cradoscrupocellaria ellisi,atlantique
Bryozoaire,Cradoscrupocellaria ellisii,Cradoscrupocellaria ellisii,"atlantique,mediterranee"
Bryozoaire,Scrupocellaire rampant,Cradoscrupocellaria reptans,atlantique
Bryozoaire,Crassimarginatella matildae,Crassimarginatella matildae,mediterranee
Bryozoaire,Crassimarginatella solidula,Crassimarginatella solidula,"atlantique,mediterranee"
Bryozoaire,Cribrilaria innominata,Cribrilaria innominata,mediterranee
Bryozoaire,Cribrilaria radiata,Cribrilaria radiata,mediterranee
Bryozoaire,Cribrilaria setiformis,Cribrilaria setiformis,mediterranee
Bryozoaire,Cribrilina cryptooecium,Cribrilina cryptooecium,
Bryozoaire,Cribrilina punctata,Cribrilina punctata,
Bryozoaire,mousse blanche,Crisia aculeata,atlantique
Bryozoaire,Crisia à joints noirs,Crisia denticulata,"atlantique,mediterranee"
Bryozoaire,Crisia eburnea,Crisia eburnea,atlantique
Bryozoaire,Crisia fistulosa,Crisia fistulosa,mediterranee
Bryozoaire,Crisia ramosa,Crisia ramosa,atlantique
Bryozoaire,Crisia sygma,Crisia sigmoidea,mediterranee
Bryozoaire,Crisidia cornuta,Crisidia cornuta,atlantique
Bryozoaire,Cristatelle,Cristatella mucedo,"atlantique,mediterranee"
Bryozoaire,Crisularia pacifica,Crisularia pacifica,
Bryozoaire,Bugule plumeuse,Crisularia plumosa,"atlantique,mediterranee"
Bryozoaire,Crisularia purpurotincta,Crisularia purpurotincta,
Bryozoaire,Crisularia serrata,Crisularia serrata,mediterranee
Bryozoaire,Cryptosule cloche,Cryptosula pallasiana,"atlantique,mediterranee"
Bryozoaire,Cystisella saccata,Cystisella saccata,
Bryozoaire,Dendrobeania murrayana,Dendrobeania murrayana,
Bryozoaire,Bryozoaire corne d'élan,Dentiporella sardonica,mediterranee
Bryozoaire,southern staghorn bryozoan,Diaperoforma californica,
Bryozoaire,Diplosolen à aiguilles,Diplosolen obelium,mediterranee
Bryozoaire,Disporella hispida,Disporella hispida,"atlantique,mediterranee"
Bryozoaire,Purple Encrusting Bryozoan,Disporella separata,
Bryozoaire,Einhornia crustulenta,Einhornia crustulenta,
Bryozoaire,Electre des estuaires,Electra monostachys,"atlantique,mediterranee"
Bryozoaire,Écorce pileuse,Electra pilosa,atlantique
Bryozoaire,Bryozoaire de la posidonie,Electra posidoniae,mediterranee
Bryozoaire,Electre verticillé,Electra verticillata,"atlantique,mediterranee"
Bryozoaire,Ellisina gautieri,Ellisina gautieri,mediterranee
Bryozoaire,Entalophoroecia deflexa,Entalophoroecia deflexa,mediterranee
Bryozoaire,Epistomia bursaria,Epistomia bursaria,mediterranee
Bryozoaire,Escharella hozawai,Escharella hozawai,mediterranee
Bryozoaire,Escharella immersa,Escharella immersa,atlantique
Bryozoaire,Escharella labiosa,Escharella labiosa,atlantique
Bryozoaire,Escharella variolosa,Escharella variolosa,"atlantique,mediterranee"
Bryozoaire,Escharella ventricosa,Escharella ventricosa,mediterranee
Bryozoaire,Escharina johnstoni,Escharina johnstoni,
Bryozoaire,Escharina protecta,Escharina protecta,mediterranee
Bryozoaire,Escharina vulgaris,Escharina vulgaris,mediterranee
Bryozoaire,Escharoides coccinea,Escharoides coccinea,"atlantique,mediterranee"
Bryozoaire,Escarre mamelonnée,Escharoides mamillata,mediterranee
Bryozoaire,Paired Bryozoan,Eucratea loricata,
Bryozoaire,Euthyrisella obtecta,Euthyrisella obtecta,
Bryozoaire,Exidmonea atlantica,Exidmonea atlantica,mediterranee
Bryozoaire,Exostesia didomatia,Exostesia didomatia,
Bryozoaire,Fenestrulina delicia,Fenestrulina delicia,atlantique
Bryozoaire,Fenestruline de Malus,Fenestrulina malusii,"atlantique,mediterranee"
Bryozoaire,Bryozoaire berceau lapon,Figularia figularis,"atlantique,mediterranee"
Bryozoaire,Filicrisia geniculata,Filicrisia geniculata,"atlantique,mediterranee"
Bryozoaire,Grande flustre,Flustra foliacea,atlantique
Bryozoaire,Flustrellidra corniculata,Flustrellidra corniculata,atlantique
Bryozoaire,Grand bryozoaire hirsute,Flustrellidra hispida,atlantique
Bryozoaire,Frédéricelle sultane,Fredericella sultana,"atlantique,mediterranee"
Bryozoaire,Frondipore verruqueux,Frondipora verrucosa,mediterranee
Bryozoaire,Glabrilaria pedunculata,Glabrilaria pedunculata,mediterranee
Bryozoaire,Gregarinidra gregaria,Gregarinidra gregaria,mediterranee
Bryozoaire,Hagiosynodos kirchenpaueri,Hagiosynodos kirchenpaueri,mediterranee
Bryozoaire,Hagiosynodos latus,Hagiosynodos latus,mediterranee
Bryozoaire,Haplopoma bimucronatum,Haplopoma bimucronatum,atlantique
Bryozoaire,Haplopoma graniferum,Haplopoma graniferum,"atlantique,mediterranee"
Bryozoaire,Haplopoma impressum,Haplopoma impressum,"atlantique,mediterranee"
Bryozoaire,Herentia hyndmanni,Herentia hyndmanni,
Bryozoaire,northern staghorn bryozoan,Heteropora pacifica,
Bryozoaire,Flustre encroûtante,Hincksina flustroides,atlantique
Bryozoaire,Hincksina synchysia,Hincksina synchysia,mediterranee
Bryozoaire,Hippopleurifera pulchra,Hippopleurifera pulchra,mediterranee
Bryozoaire,Hippoporina pertusa,Hippoporina pertusa,
Bryozoaire,Hippothoa distans,Hippothoa distans,
Bryozoaire,Hippothoa divaricata,Hippothoa divaricata,
Bryozoaire,Hippothoa flagellum,Hippothoa flagellum,mediterranee
Bryozoaire,Hornère frondiculée,Hornera frondiculata,
Bryozoaire,Infundibulipora lucernaria,Infundibulipora lucernaria,
Bryozoaire,Derby Hat Bryozoan,Integripelta bilabiata,
Bryozoaire,Pink lace bryozoan,Iodictyum phoeniceum,
Bryozoaire,Sargassum Bryozoan,Jellyella tuberculata,
Bryozoaire,Petit bryode en dentelle,Juxtacribrilina annulata,mediterranee
Bryozoaire,Juxtacribrilina mutabilis,Juxtacribrilina mutabilis,atlantique
Bryozoaire,Lagenipora lepralioides,Lagenipora lepralioides,
Bryozoaire,Lichenopora intricata,Lichenopora intricata,
Bryozoaire,Lophopode cristallin,Lophopus crystallinus,atlantique
Bryozoaire,Bryozoaire cactus-cierge,Margaretta cereoides,mediterranee
Bryozoaire,Membranipore,Membranipora membranacea,atlantique
Bryozoaire,lacy crust bryozoan,Membranipora villosa,
Bryozoaire,Membraniporelle luisante,Membraniporella nitida,atlantique
Bryozoaire,spiral moss animal,Menipea triseriata,
Bryozoaire,Tuning Fork Bryozoan,Mesonea radians,
Bryozoaire,Microporella appendiculata,Microporella appendiculata,mediterranee
Bryozoaire,Microporelle ciliée blanche,Microporella ciliata,"atlantique,mediterranee"
Bryozoaire,Microporella modesta,Microporella modesta,mediterranee
Bryozoaire,Microporella pachyspina,Microporella pachyspina,mediterranee
Bryozoaire,Microporella verrucosa,Microporella verrucosa,mediterranee
Bryozoaire,Bryozoaire encroûtant ajouré orange,Mollia circumcincta,mediterranee
Bryozoaire,Bryozoaire à jonctions multiples,Mollia multijuncta,mediterranee
Bryozoaire,Bryozoaire encroûtant ajouré rosé,Mollia patellaria,mediterranee
Bryozoaire,Faux corail,Myriapora truncata,mediterranee
Bryozoaire,Neolagenipora collaris,Neolagenipora collaris,
Bryozoaire,Nolella dilatata,Nolella dilatata,mediterranee
Bryozoaire,Bryozoaire gazon gris,Nolella stipata,"atlantique,mediterranee"
Bryozoaire,Petites cornes de cerf,Omalosecosa ramulosa,atlantique
Bryozoaire,Oncousoecia dilatans,Oncousoecia dilatans,atlantique
Bryozoaire,Onychocella marioni,Onychocella marioni,mediterranee
Bryozoaire,Bryozoaire encroûtant rouge-vert,Oshurkovia littoralis,atlantique
Bryozoaire,Palmiskenea skenei,Palmiskenea skenei,
Bryozoaire,Paludicella articulata,Paludicella articulata,
Bryozoaire,Parasmittine de Rouville,Parasmittina rouvillei,mediterranee
Bryozoaire,Parasmittina trispinosa,Parasmittina trispinosa,atlantique
Bryozoaire,Parellisina curvirostris,Parellisina curvirostris,mediterranee
Bryozoaire,Patinelle rayonnée,Patinella radiata,mediterranee
Bryozoaire,Patinella verrucaria,Patinella verrucaria,
Bryozoaire,Pectinatelle,Pectinatella magnifica,"atlantique,mediterranee"
Bryozoaire,Rose de mer,Pentapora fascialis,"atlantique,mediterranee"
Bryozoaire,Rose de mer,Pentapora foliacea,"atlantique,mediterranee"
Bryozoaire,Pentapore d'Otto,Pentapora ottomuelleriana,mediterranee
Bryozoaire,Phaeostachys spinifera,Phaeostachys spinifera,atlantique
Bryozoaire,Pherusella minima,Pherusella minima,mediterranee
Bryozoaire,Phérusa tubuleuse,Pherusella tubulosa,mediterranee
Bryozoaire,Lacy Bryozoan,Phidolopora pacifica,
Bryozoaire,Phonicosia circinata,Phonicosia circinata,
Bryozoaire,Phylactella labrosa,Phylactella labrosa,
Bryozoaire,Plagioécie-assiette,Plagioecia patina,"atlantique,mediterranee"
Bryozoaire,Plagioécie de Guernesey,Plagioecia sarniensis,"atlantique,mediterranee"
Bryozoaire,Tubulipore saumon,Platonea stoechas,mediterranee
Bryozoaire,Plesiocleidochasma porcellanum,Plesiocleidochasma porcellanum,
Bryozoaire,Plumatella emarginata,Plumatella emarginata,
Bryozoaire,Plumatelle fongoïde,Plumatella fungosa,
Bryozoaire,Creeping Bryozoan,Plumatella repens,
Bryozoaire,Porelle aplatie,Porella compressa,atlantique
Bryozoaire,Porella concinna,Porella concinna,"atlantique,mediterranee"
Bryozoaire,Prenantia cheilostoma,Prenantia cheilostoma,mediterranee
Bryozoaire,Prenantia ligulata,Prenantia ligulata,mediterranee
Bryozoaire,Pyripora catenularia,Pyripora catenularia,
Bryozoaire,Bryozoaire encroûtant noir,Reptadeonella violacea,"atlantique,mediterranee"
Bryozoaire,Dentelle de Neptune,Retepora cellulosa,mediterranee
Bryozoaire,Reteporella beaniana,Reteporella beaniana,atlantique
Bryozoaire,Reteporella couchii,Reteporella couchii,mediterranee
Bryozoaire,Rétéporelle élégante,Reteporella elegans,mediterranee
Bryozoaire,Dentelle de Neptune,Reteporella grimaldii,mediterranee
Bryozoaire,Dentelle des grottes,Reteporella mediterranea,mediterranee
Bryozoaire,Reteporella sudbourniensis,Reteporella sudbourniensis,mediterranee
Bryozoaire,Rhynchozoon bispinosum,Rhynchozoon bispinosum,mediterranee
Bryozoaire,Rhynchozoon pseudodigitatum,Rhynchozoon pseudodigitatum,mediterranee
Bryozoaire,Rhynchozoon rostratum,Rhynchozoon rostratum,
Bryozoaire,Flustre de Rossel,Rosseliana rosselii,mediterranee
Bryozoaire,Bryozoaire pelote de crin,Savignyella lafontii,mediterranee
Bryozoaire,Bryozoaire encroûtant rouge,Schizobrachiella sanguinea,"atlantique,mediterranee"
Bryozoaire,Schizobrachiella verrilli,Schizobrachiella verrilli,
Bryozoaire,Schizomavelle auriculé,Schizomavella auriculata,"atlantique,mediterranee"
Bryozoaire,Schizomavella biancae,Schizomavella biancae,mediterranee
Bryozoaire,Schizomavella cornuta,Schizomavella cornuta,mediterranee
Bryozoaire,Schizomavella halimedae,Schizomavella halimedae,mediterranee
Bryozoaire,Schizomavelle épineux,Schizomavella hastata,"atlantique,mediterranee"
Bryozoaire,Schizomavelle à lignes régulières,Schizomavella linearis,"atlantique,mediterranee"
Bryozoaire,Schizomavelle mamelonné,Schizomavella mamillata,"atlantique,mediterranee"
Bryozoaire,Grand schizomavelle rouge,Schizomavella sarniensis,atlantique
Bryozoaire,Schizoporella orange,Schizoporella dunkeri,"atlantique,mediterranee"
Bryozoaire,Schizoporella brun,Schizoporella errata,mediterranee
Bryozoaire,Schizoporella japonica,Schizoporella japonica,atlantique
Bryozoaire,Schizoporella magnifica,Schizoporella magnifica,mediterranee
Bryozoaire,Schizoporella pungens,Schizoporella pungens,mediterranee
Bryozoaire,Schizoporella unicorne,Schizoporella unicornis,"atlantique,mediterranee"
Bryozoaire,Schizorétépore de Solander,Schizoretepora solanderia,mediterranee
Bryozoaire,Schizotheca fissa,Schizotheca fissa,mediterranee
Bryozoaire,Scruparia ambigua,Scruparia ambigua,atlantique
Bryozoaire,Scrupaire à pince,Scruparia chelata,"atlantique,mediterranee"
Bryozoaire,Scrupocellaire rosette rouge orangé,Scrupocellaria scrupea,mediterranee
Bryozoaire,Scrupocellaire touffe blanche,Scrupocellaria scruposa,atlantique
Bryozoaire,narrow-leaved hornwrack,Securiflustra securifrons,
Bryozoaire,Setosella vulnerata,Setosella vulnerata,
Bryozoaire,Bryozoaire bois de cerf,Smittina cervicornis,"atlantique,mediterranee"
Bryozoaire,Smittina crystallina,Smittina crystallina,mediterranee
Bryozoaire,Smittine de Landsborough,Smittina landsborovii,atlantique
Bryozoaire,Smittoidea prolifica,Smittoidea prolifica,atlantique
Bryozoaire,Smittoidea reticulata,Smittoidea reticulata,
Bryozoaire,Bryozoaire rouge perlé,Steginoporella magnilabris,
Bryozoaire,Stephanollona armata,Stephanollona armata,mediterranee
Bryozoaire,Stephanotheca monoecensis,Stephanotheca monoecensis,mediterranee
Bryozoaire,Tervia irregularis,Tervia irregularis,mediterranee
Bryozoaire,Terwasipora complanata,Terwasipora complanata,"atlantique,mediterranee"
Bryozoaire,Tetraplaria immersa,Tetraplaria immersa,
Bryozoaire,Thalamoporella californica,Thalamoporella californica,
Bryozoaire,Bryozoaire inopiné,Tricellaria inopinata,"atlantique,mediterranee"
Bryozoaire,Triticella flava,Triticella flava,
Bryozoaire,Tubulipora aperta,Tubulipora aperta,"atlantique,mediterranee"
Bryozoaire,Tubulipore à hémiphragmes,Tubulipora hemiphragmata,mediterranee
Bryozoaire,Tubulipora liliacea,Tubulipora liliacea,
Bryozoaire,Tubulipora phalangea,Tubulipora phalangea,
Bryozoaire,Tubulipore plumeux,Tubulipora plumosa,"atlantique,mediterranee"
Bryozoaire,Turbicellépore cornu,Turbicellepora avicularis,"atlantique,mediterranee"
Bryozoaire,Turbicellépore couronnée,Turbicellepora coronopus,mediterranee
Bryozoaire,Turbicellepora incrassata,Turbicellepora incrassata,mediterranee
Bryozoaire,Turbicellepora laevis,Turbicellepora laevis,
Bryozoaire,Turbicellépore à grandes côtes,Turbicellepora magnicostata,mediterranee
Bryozoaire,Umbonula ovicellé,Umbonula ovicellata,"atlantique,mediterranee"
Bryozoaire,Vésiculaire épineux,Vesicularia spinosa,atlantique
Bryozoaire,Bugule bleu-vert,Virididentula dentata,
Bryozoaire,Valkérie tubéreuse,Walkeria tuberosa,"atlantique,mediterranee"
Bryozoaire,Valkérie en grappe de raisin,Walkeria uva,"atlantique,mediterranee"
Bryozoaire,Bryozoaire violet foncé à grands zoïdes,Watersipora cucullata,mediterranee
Bryozoaire,Bryozoaire orange vif et noir à points noirs,Watersipora subatra,"atlantique,mediterranee"
Bryozoaire,Bryozoaire rouge orange vif à points noirs,Watersipora subtorquata,"atlantique,mediterranee"
Cnidaire,Hydraire-sapin,Abietinaria abietina,atlantique
Cnidaire,Acropora abrotanoides,Acropora abrotanoides,
Cnidaire,Staghorn coral,Acropora aculeus,
Cnidaire,Staghorn Coral,Acropora austera,
Cnidaire,Acropora cerealis,Acropora cerealis,
Cnidaire,Corne de cerf,Acropora cervicornis,
Cnidaire,Table coral,Acropora cytherea,
Cnidaire,Acropora digitifera,Acropora digitifera,
Cnidaire,Acropora divaricata,Acropora divaricata,
Cnidaire,Bottlebrush Coral,Acropora elseyi,
Cnidaire,Acropora florida,Acropora florida,mediterranee
Cnidaire,Acropora gemmifera,Acropora gemmifera,mediterranee
Cnidaire,Acropora hemprichii,Acropora hemprichii,mediterranee
Cnidaire,Finger Coral,Acropora humilis,
Cnidaire,Brush Coral,Acropora hyacinthus,
Cnidaire,Acropora intermedia,Acropora intermedia,
Cnidaire,Bali Shortcake,Acropora latistella,
Cnidaire,Bluetip coral,Acropora loripes,
Cnidaire,Acropora microphthalma,Acropora microphthalma,
Cnidaire,Staghorn coral,Acropora millepora,
Cnidaire,Acropora muricata,Acropora muricata,
Cnidaire,Branching staghorn coral,Acropora nasuta,
Cnidaire,Corail corne d'élan,Acropora palmata,atlantique
Cnidaire,Acropora robusta,Acropora robusta,
Cnidaire,Acropora secale,Acropora secale,
Cnidaire,Staghorn coral,Acropora tenuis,
Cnidaire,Bushy staghorn coral,Acropora valida,
Cnidaire,Anémone-ceinture,Actinia cari,mediterranee
Cnidaire,Actinie rouge,Actinia equina,"atlantique,mediterranee"
Cnidaire,Anémone fraise,Actinia fragacea,atlantique
Cnidaire,Actinie de Méditerranée,Actinia mediterranea,mediterranee
Cnidaire,Actinia sali,Actinia sali,mediterranee
Cnidaire,Actinie striée,Actinia striata,mediterranee
Cnidaire,Cherry Anemone,Actinia tenebrosa,
Cnidaire,anémone calleuse,Actinostola callosa,
Cnidaire,Anémone marguerite,Actinothoe sphyrodeta,"atlantique,mediterranee"
Cnidaire,Aeginopsis laurentii,Aeginopsis laurentii,
Cnidaire,Équorée,Aequorea forskalea,"atlantique,mediterranee"
Cnidaire,Aequorea macrodactyla,Aequorea macrodactyla,atlantique
Cnidaire,Aequorea victoria,Aequorea victoria,atlantique
Cnidaire,Équorée de verre,Aequorea vitrina,atlantique
Cnidaire,Agalma elegans,Agalma elegans,mediterranee
Cnidaire,Agarice laitue,Agaricia agaricites,
Cnidaire,Agarice fragile,Agaricia fragilis,
Cnidaire,Agarice de Graham,Agaricia grahamae,
Cnidaire,Agarice,Agaricia humilis,
Cnidaire,Agarice de Lamarck,Agaricia lamarcki,
Cnidaire,Ribbon Coral,Agaricia tenuifolia,
Cnidaire,Pink Helmet,Aglantha digitale,
Cnidaire,Aglaophenia acacia,Aglaophenia acacia,mediterranee
Cnidaire,Aglaophénia allongée,Aglaophenia elongata,mediterranee
Cnidaire,Aglaophénia à crochets,Aglaophenia harpago,mediterranee
Cnidaire,Plume de Kirchenpauer,Aglaophenia kirchenpaueri,"atlantique,mediterranee"
Cnidaire,Aglaophenia octodonta,Aglaophenia octodonta,mediterranee
Cnidaire,Plumule bicolore,Aglaophenia pluma,"atlantique,mediterranee"
Cnidaire,Aglaophénia tubiforme,Aglaophenia tubiformis,mediterranee
Cnidaire,Aglaophénia jaune,Aglaophenia tubulifera,"atlantique,mediterranee"
Cnidaire,Aglaura hemistoma,Aglaura hemistoma,mediterranee
Cnidaire,Aiptasie de Couch,Aiptasia couchii,"atlantique,mediterranee"
Cnidaire,Aiptasie verte,Aiptasia mutabilis,"atlantique,mediterranee"
Cnidaire,Anémone des moules,Aiptasiogeton hyalinus,"atlantique,mediterranee"
Cnidaire,Alcyon méditerranéen,Alcyonium acaule,"atlantique,mediterranee"
Cnidaire,Alcyonium bocagei,Alcyonium bocagei,atlantique
Cnidaire,Alcyonium bosphorense,Alcyonium bosphorense,mediterranee
Cnidaire,Alcyon encroûtant,Alcyonium coralloides,"atlantique,mediterranee"
Cnidaire,Alcyon jaune,Alcyonium digitatum,"atlantique,mediterranee"
Cnidaire,Alcyon rouge,Alcyonium glomeratum,"atlantique,mediterranee"
Cnidaire,Alcyon digité rose d'Atlantique Nord-Est,Alcyonium hibernicum,atlantique
Cnidaire,Main de mer,Alcyonium palmatum,mediterranee
Cnidaire,Alicia,Alicia mirabilis,mediterranee
Cnidaire,Anémone des gorgones,Amphianthus dohrnii,atlantique
Cnidaire,Amphinema rugosum,Amphinema rugosum,atlantique
Cnidaire,Tamaris de mer,Amphisbetia operculata,atlantique
Cnidaire,Andrésie,Andresia partenopea,"atlantique,mediterranee"
Cnidaire,Anemonia sargassensis,Anemonia sargassensis,mediterranee
Cnidaire,Anémone verte,Anemonia viridis,"atlantique,mediterranee"
Cnidaire,Antennella secundaria,Antennella secundaria,"atlantique,mediterranee"
Cnidaire,Hydraire-antenne,Antennella siliquosa,"atlantique,mediterranee"
Cnidaire,Lobed Anemone,Antholoba achates,
Cnidaire,buried sea anemone,Anthopleura artemisia,
Cnidaire,Anémone à points rouges,Anthopleura ballii,"atlantique,mediterranee"
Cnidaire,Anémone de Biscaye,Anthopleura biscayensis,atlantique
Cnidaire,aggregating anemone,Anthopleura elegantissima,
Cnidaire,Anthopleura fuscoviridis,Anthopleura fuscoviridis,atlantique
Cnidaire,Anthopleura michaelseni,Anthopleura michaelseni,atlantique
Cnidaire,Starburst Anemone,Anthopleura sola,
Cnidaire,Anthopleura thallia,Anthopleura thallia,"atlantique,mediterranee"
Cnidaire,giant green anemone,Anthopleura xanthogrammica,
Cnidaire,pennatule à grandes fleurs,Anthoptilum grandiflorum,
Cnidaire,White-striped Anemone,Anthothoe albocincta,
Cnidaire,Antillogorgia bipinnata,Antillogorgia bipinnata,mediterranee
Cnidaire,Corail noir de Méditerranée,Antipathella subpinnata,"atlantique,mediterranee"
Cnidaire,Siphonophore fil de fer,Apolemia uvaria,"atlantique,mediterranee"
Cnidaire,Cérianthe strié,Arachnanthus oligopodus,mediterranee
Cnidaire,scléractiniaire du Nord,Astrangia poculata,
Cnidaire,false knob coral,Astrea curta,
Cnidaire,Madrépore orange,Astroides calycularis,"atlantique,mediterranee"
Cnidaire,Aulactinia veratra,Aulactinia veratra,atlantique
Cnidaire,Aurélie,Aurelia aurita,"atlantique,mediterranee"
Cnidaire,Aurelia coerulea,Aurelia coerulea,"atlantique,mediterranee"
Cnidaire,Aurelia labiata,Aurelia labiata,"atlantique,mediterranee"
Cnidaire,Aurelia marginalis,Aurelia marginalis,atlantique
Cnidaire,Aurelia solida,Aurelia solida,mediterranee
Cnidaire,Balanophyllia elegans,Balanophyllia elegans,mediterranee
Cnidaire,Dent de cochon (madréporaire solitaire),Balanophyllia europaea,mediterranee
Cnidaire,Madrépore bouton d'or,Balanophyllia regia,"atlantique,mediterranee"
Cnidaire,pennatule de Willemoes,Balticina willemoesi,
Cnidaire,Anémone serpentin,Bartholomea annulata,
Cnidaire,Bimeria vestita,Bimeria vestita,mediterranee
Cnidaire,Blackfordia virginica,Blackfordia virginica,mediterranee
Cnidaire,anémone géante,Bolocera tuediae,
Cnidaire,Bougainvillia muscus,Bougainvillia muscus,atlantique
Cnidaire,Briareum asbestinum,Briareum asbestinum,mediterranee
Cnidaire,Briareum violaceum,Briareum violaceum,mediterranee
Cnidaire,Sandy Sea-Anemone,Bunodactis reynaudi,
Cnidaire,Anémone gemme,Bunodactis verrucosa,"atlantique,mediterranee"
Cnidaire,Anémone naine verruqueuse de Méditerranée,Bunodeopsis strumosa,mediterranee
Cnidaire,Anémone brésilienne,Bunodosoma caissarum,atlantique
Cnidaire,Bunodosoma capense,Bunodosoma capense,mediterranee
Cnidaire,Bunodosoma grande,Bunodosoma grande,atlantique
Cnidaire,Anémone manteau,Calliactis palliata,"atlantique,mediterranee"
Cnidaire,Anémone parasite,Calliactis parasitica,"atlantique,mediterranee"
Cnidaire,Lucernaire campanulée,Calvadosia campanulata,atlantique
Cnidaire,Calvadosia cruxmelitensis,Calvadosia cruxmelitensis,atlantique
Cnidaire,Candelabrum cocksii,Candelabrum cocksii,atlantique
Cnidaire,Hydraire en candélabre,Candelabrum phrygium,atlantique
Cnidaire,Anémone impériale,Capnea sanguinea,atlantique
Cnidaire,Télesto blanc,Carijoa riisei,
Cnidaire,Carybdée marsupiale,Carybdea marsupialis,mediterranee
Cnidaire,Madrépore œillet,Caryophyllia inornata,"atlantique,mediterranee"
Cnidaire,Dent de chien,Caryophyllia smithii,"atlantique,mediterranee"
Cnidaire,Méduse à l'envers indo-pacifique,Cassiopea andromeda,"atlantique,mediterranee"
Cnidaire,Cassiopea medusa,Cassiopea medusa,mediterranee
Cnidaire,Cassiopea xamachana,Cassiopea xamachana,mediterranee
Cnidaire,Catostylus mosaicus,Catostylus mosaicus,atlantique
Cnidaire,Catostylus tagi,Catostylus tagi,atlantique
Cnidaire,Vérétille naine,Cavernularia pusilla,mediterranee
Cnidaire,Anémone solaire,Cereus pedunculatus,"atlantique,mediterranee"
Cnidaire,petit cérianthe,Cerianthus lloydii,
Cnidaire,Cerianthus membranacea,Cerianthus membranacea,
Cnidaire,Grand Cérianthe,Cerianthus membranaceus,"atlantique,mediterranee"
Cnidaire,Cervera atlantica,Cervera atlantica,mediterranee
Cnidaire,Chelophye appendiculée,Chelophyes appendiculata,mediterranee
Cnidaire,Chelophyes contorta,Chelophyes contorta,mediterranee
Cnidaire,Bay Nettle,Chrysaora chesapeakei,
Cnidaire,Chrysaora fuscescens,Chrysaora fuscescens,atlantique
Cnidaire,Méduse rayonnée,Chrysaora hysoscella,"atlantique,mediterranee"
Cnidaire,Chrysaora lactea,Chrysaora lactea,atlantique
Cnidaire,Chrysaora melanaster,Chrysaora melanaster,atlantique
Cnidaire,Chrysaora pacifica,Chrysaora pacifica,"atlantique,mediterranee"
Cnidaire,Chrysaora plocamia,Chrysaora plocamia,atlantique
Cnidaire,Chrysaora quinquecirrha,Chrysaora quinquecirrha,"atlantique,mediterranee"
Cnidaire,Cladocora arbuscula,Cladocora arbuscula,mediterranee
Cnidaire,Cladocore en touffe,Cladocora caespitosa,mediterranee
Cnidaire,Cladonema radiatum,Cladonema radiatum,"atlantique,mediterranee"
Cnidaire,Cladopsammia rolandi,Cladopsammia rolandi,mediterranee
Cnidaire,Clava multicornis,Clava multicornis,atlantique
Cnidaire,Clavulaire commune,Clavularia crassa,mediterranee
Cnidaire,Clytia gracilis,Clytia gracilis,mediterranee
Cnidaire,Clytia hemisphaerica,Clytia hemisphaerica,"atlantique,mediterranee"
Cnidaire,Clytia linearis,Clytia linearis,"atlantique,mediterranee"
Cnidaire,Corail-cerveau Natan,Colpophyllia natans,mediterranee
Cnidaire,Anémone soleil,Condylactis aurantiaca,mediterranee
Cnidaire,Anémone géante des Antilles,Condylactis gigantea,mediterranee
Cnidaire,Corail rouge de Méditerranée,Corallium rubrum,"atlantique,mediterranee"
Cnidaire,Cordylophore de la Caspienne,Cordylophora caspia,atlantique
Cnidaire,Corail corne d'abondance,Cornularia cornucopiae,"atlantique,mediterranee"
Cnidaire,Corydendrium parasite,Corydendrium parasiticum,mediterranee
Cnidaire,Corymorphe des sables,Corymorpha nutans,"atlantique,mediterranee"
Cnidaire,Corynactis annulata,Corynactis annulata,mediterranee
Cnidaire,Corynactis australis,Corynactis australis,mediterranee
Cnidaire,Corynactis californica,Corynactis californica,mediterranee
Cnidaire,Corynactis carnea,Corynactis carnea,mediterranee
Cnidaire,Anémone bijou,Corynactis viridis,"atlantique,mediterranee"
Cnidaire,Coryne muscoides,Coryne muscoides,atlantique
Cnidaire,Coryne pusilla,Coryne pusilla,atlantique
Cnidaire,Cosmetira pilosella,Cosmetira pilosella,atlantique
Cnidaire,Œuf sur le plat (méduse),Cotylorhiza tuberculata,"atlantique,mediterranee"
Cnidaire,Méduse d’eau douce,Craspedacusta sowerbii,"atlantique,mediterranee"
Cnidaire,Lucernaire à court pédoncule,Craterolophus convolvulus,atlantique
Cnidaire,White-spotted Rose Anemone,Cribrinopsis albopunctata,
Cnidaire,Anémone charnue,Cribrinopsis crassa,"atlantique,mediterranee"
Cnidaire,Cunina globosa,Cunina globosa,mediterranee
Cnidaire,Méduse à crinière de lion,Cyanea capillata,atlantique
Cnidaire,Cyanea ferruginea,Cyanea ferruginea,atlantique
Cnidaire,Cyanée de Lamarck,Cyanea lamarckii,"atlantique,mediterranee"
Cnidaire,lion's mane jellyfish,Cyanea nozakii,
Cnidaire,Dwarf Lion's Mane Jelly,Cyanea versicolor,
Cnidaire,Sagartie élégante,Cylista elegans,atlantique
Cnidaire,Cylista ornata,Cylista ornata,atlantique
Cnidaire,Sagartie des vases,Cylista troglodytes,"atlantique,mediterranee"
Cnidaire,Corail à larmes,Cynarina lacrymalis,mediterranee
Cnidaire,lesser knob coral,Cyphastrea serailia,
Cnidaire,Corail cierge,Dendrogyra cylindrus,
Cnidaire,Corail arborescent jaune,Dendrophyllia cornigera,"atlantique,mediterranee"
Cnidaire,Dendrophyllia ramea,Dendrophyllia ramea,mediterranee
Cnidaire,scléractiniaire à crête,Desmophyllum dianthus,
Cnidaire,Desmophyllum pertusum,Desmophyllum pertusum,atlantique
Cnidaire,Anémone flammée,Diadumene cincta,"atlantique,mediterranee"
Cnidaire,Diadumene leucolena,Diadumene leucolena,"atlantique,mediterranee"
Cnidaire,Anémone asiatique lignée,Diadumene lineata,"atlantique,mediterranee"
Cnidaire,Corail étoile elliptique,Dichocoenia stokesii,
Cnidaire,Dimophyes arctica,Dimophyes arctica,
Cnidaire,Diphasia fallax,Diphasia fallax,atlantique
Cnidaire,Diphasia rosacea,Diphasia rosacea,atlantique
Cnidaire,Corail rayonnant,Diploastrea heliopora,
Cnidaire,Corail-cerveau de Neptune,Diploria labyrinthiformis,mediterranee
Cnidaire,Head Coral,Dipsastraea favus,
Cnidaire,Dipsastrée pâle,Dipsastraea pallida,
Cnidaire,Favia élégant,Dipsastraea speciosa,mediterranee
Cnidaire,Discoméduse,Discomedusa lobata,"atlantique,mediterranee"
Cnidaire,Discosoma nummiforme,Discosoma nummiforme,mediterranee
Cnidaire,Duncanopsammia axifuga,Duncanopsammia axifuga,mediterranee
Cnidaire,Corail-coupe,Duncanopsammia peltata,mediterranee
Cnidaire,Petite dynamène,Dynamena pumila,atlantique
Cnidaire,Corail-feuille rugueuse,Echinophyllia aspera,
Cnidaire,Echinopora lamellosa,Echinopora lamellosa,"atlantique,mediterranee"
Cnidaire,Hydraire fleuri des ports,Ectopleura crocea,"atlantique,mediterranee"
Cnidaire,Petite tubulaire,Ectopleura larynx,"atlantique,mediterranee"
Cnidaire,Anémone de Claparède,Edwardsia claparedii,"atlantique,mediterranee"
Cnidaire,Edwardsiella carnea,Edwardsiella carnea,mediterranee
Cnidaire,Eleutheria claparedii,Eleutheria claparedii,atlantique
Cnidaire,Eleutheria dichotome,Eleutheria dichotoma,"atlantique,mediterranee"
Cnidaire,Anémone à bouts renflés,Entacmaea quadricolor,"atlantique,mediterranee"
Cnidaire,brooding anemone,Epiactis prolifera,
Cnidaire,Anémone encroûtante beige,Epizoanthus arenaceus,mediterranee
Cnidaire,Anémone encroûtante brune,Epizoanthus couchii,"atlantique,mediterranee"
Cnidaire,Epizoanthus paguricola,Epizoanthus paguricola,mediterranee
Cnidaire,Anémone encroûtante grise,Epizoanthus paxii,mediterranee
Cnidaire,Epizoanthus scotinus,Epizoanthus scotinus,mediterranee
Cnidaire,Gorgone encroûtante,Erythropodium caribaeorum,mediterranee
Cnidaire,Eudendrium merulum,Eudendrium merulum,atlantique
Cnidaire,Eudendrium racemosum,Eudendrium racemosum,mediterranee
Cnidaire,Eudendrium rameum,Eudendrium rameum,mediterranee
Cnidaire,Eugorgia rubens,Eugorgia rubens,
Cnidaire,Gorgone jaune,Eunicella cavolini,"atlantique,mediterranee"
Cnidaire,Eunicella gazella,Eunicella gazella,"atlantique,mediterranee"
Cnidaire,Gorgone blanche,Eunicella singularis,"atlantique,mediterranee"
Cnidaire,Gorgone verruqueuse,Eunicella verrucosa,"atlantique,mediterranee"
Cnidaire,Corail-flambeau,Euphyllia glabrescens,mediterranee
Cnidaire,Corail fleur doux,Eusmilia fastigiata,
Cnidaire,Aiptasie diaphane,Exaiptasia diaphana,"atlantique,mediterranee"
Cnidaire,Corail balle de golf,Favia fragum,
Cnidaire,knob coral,Favia gravida,
Cnidaire,Favite démise,Favites abdita,
Cnidaire,Favites pentagona,Favites pentagona,mediterranee
Cnidaire,Corail à croissants,Fimbriaphyllia ancora,mediterranee
Cnidaire,Fimbriaphyllia paraancora,Fimbriaphyllia paraancora,"atlantique,mediterranee"
Cnidaire,Forskalia edwardsii,Forskalia edwardsii,mediterranee
Cnidaire,Forskalia formosa,Forskalia formosa,mediterranee
Cnidaire,Forskalia tholoides,Forskalia tholoides,mediterranee
Cnidaire,Corail champignon,Fungia fungites,"atlantique,mediterranee"
Cnidaire,pennatule à rachis carré,Funiculina quadrangularis,
Cnidaire,Corail piquant,Galaxea fascicularis,mediterranee
Cnidaire,Corail jardinier,Gardineroseris planulata,mediterranee
Cnidaire,corail rubis,Gersemia rubiformis,
Cnidaire,Geryonia à trompe,Geryonia proboscidalis,mediterranee
Cnidaire,lesser star coral,Goniastrea pectinata,
Cnidaire,lesser star coral,Goniastrea retiformis,
Cnidaire,knob coral,Goniastrea stelligera,
Cnidaire,Goniocorella dumosa,Goniocorella dumosa,
Cnidaire,Méduse adhésive,Gonionemus vertens,"atlantique,mediterranee"
Cnidaire,Gonothyraea loveni,Gonothyraea loveni,
Cnidaire,Éventail de mer commun,Gorgonia ventalina,mediterranee
Cnidaire,Plume d'or,Gymnangium montagui,atlantique
Cnidaire,Halcampa dorée,Halcampa chrysanthellum,atlantique
Cnidaire,Halcampoïde étalée,Halcampoides abyssorum,"atlantique,mediterranee"
Cnidaire,Halcampoides elongatus,Halcampoides elongatus,"atlantique,mediterranee"
Cnidaire,Halcampoïde,Halcampoides purpureus,"atlantique,mediterranee"
Cnidaire,Sapin beige,Halecium halecinum,"atlantique,mediterranee"
Cnidaire,Halecium plumosum,Halecium plumosum,atlantique
Cnidaire,Halecium sessile,Halecium sessile,atlantique
Cnidaire,Haliclystus auricula,Haliclystus auricula,atlantique
Cnidaire,Petite lucernaire à boutons,Haliclystus octoradiatus,atlantique
Cnidaire,Halopteris catharina,Halopteris catharina,
Cnidaire,Halopteris liechtensternii,Halopteris liechtensternii,mediterranee
Cnidaire,Corail laitue rayon de soleil,Helioseris cucullata,
Cnidaire,Corail-boomerang,Herpolitha limax,
Cnidaire,Anémone collier de perles,Heteractis aurora,mediterranee
Cnidaire,Heteractis malu,Heteractis malu,atlantique
Cnidaire,Siphonophore fer à cheval,Hippopodius hippopus,mediterranee
Cnidaire,Corail nain,Hoplangia durotrix,"atlantique,mediterranee"
Cnidaire,Hormathia coronata,Hormathia coronata,"atlantique,mediterranee"
Cnidaire,Hydnophora exesa,Hydnophora exesa,mediterranee
Cnidaire,Hydnophora rigida,Hydnophora rigida,mediterranee
Cnidaire,Hydre brune,Hydra oligactis,atlantique
Cnidaire,Hydre verte,Hydra viridissima,"atlantique,mediterranee"
Cnidaire,Hydra vulgaris,Hydra vulgaris,"atlantique,mediterranee"
Cnidaire,Hydractinie à aiguillons,Hydractinia aculeata,mediterranee
Cnidaire,Hydractinie hérissée,Hydractinia echinata,"atlantique,mediterranee"
Cnidaire,Hydraire palmier,Hydrallmania falcata,atlantique
Cnidaire,Hydraire,Hydrozoa (indéterminé),mediterranee
Cnidaire,Isactinia olivacea,Isactinia olivacea,atlantique
Cnidaire,Isarachnanthus maderensis,Isarachnanthus maderensis,mediterranee
Cnidaire,Cérianthe rayé,Isarachnanthus nocturnus,mediterranee
Cnidaire,Anémone coloniale de Duchassaing,Isaurus tuberculatus,mediterranee
Cnidaire,Isidella lofotensis,Isidella lofotensis,
Cnidaire,Catch Bowl Coral,Isopora palifera,
Cnidaire,Anémone chocolat,Isozoanthus sulcatus,"atlantique,mediterranee"
Cnidaire,Hydraire halecioïde,Kirchenpaueria halecioides,"atlantique,mediterranee"
Cnidaire,Hydraire penné,Kirchenpaueria pinnata,"atlantique,mediterranee"
Cnidaire,Koellikerina fasciculata,Koellikerina fasciculata,mediterranee
Cnidaire,pennatule étoilée,Kophobelemnon stelliferum,
Cnidaire,Lafoea dumosa,Lafoea dumosa,mediterranee
Cnidaire,Laodice,Laodicea undulata,"atlantique,mediterranee"
Cnidaire,Hydraire-gazon anguleux,Laomedea angulata,"atlantique,mediterranee"
Cnidaire,Laomedea flexuosa,Laomedea flexuosa,atlantique
Cnidaire,Lensia subtilis,Lensia subtilis,
Cnidaire,Crust Coral,Leptastrea purpurea,
Cnidaire,carmine sea spray,Leptogorgia chilensis,
Cnidaire,Gorgone orange,Leptogorgia sarmentosa,"atlantique,mediterranee"
Cnidaire,Leptogorgia virgulata,Leptogorgia virgulata,atlantique
Cnidaire,Corail solitaire jaune,Leptopsammia pruvoti,"atlantique,mediterranee"
Cnidaire,Closed brain coral,Leptoria phrygia,
Cnidaire,Ridge coral,Leptoseris mycetoseroides,
Cnidaire,Leuckartiara nobilis,Leuckartiara nobilis,mediterranee
Cnidaire,Octarine de Rincevent,Leuckartiara octona,atlantique
Cnidaire,Lipkea ruspoliana,Lipkea ruspoliana,mediterranee
Cnidaire,Pom-pom anemone,Liponema brevicorne,
Cnidaire,Liriope tetraphylla,Liriope tetraphylla,mediterranee
Cnidaire,Alcyonaire arborescent,Litophyton arboreum,atlantique
Cnidaire,Corail-champignon bouclier,Lobactis scutaria,mediterranee
Cnidaire,Largebrain Root Coral,Lobophyllia hemprichii,
Cnidaire,Lychnorhiza lucerna,Lychnorhiza lucerna,"atlantique,mediterranee"
Cnidaire,Grand hydraire plumeux profond,Lytocarpia myriophyllum,mediterranee
Cnidaire,Alcyon brun,Maasella edwardsi,mediterranee
Cnidaire,Alcyon brun,Maasella edwardsii,mediterranee
Cnidaire,Madrace à 10 rayons,Madracis decactis,
Cnidaire,Madrace jaune,Madracis myriaster,
Cnidaire,Madrace étoile,Madracis pharensis,mediterranee
Cnidaire,ocular coral,Madrepora oculata,
Cnidaire,Rose de corail,Manicina areolata,mediterranee
Cnidaire,Mastigias papua,Mastigias papua,atlantique
Cnidaire,Corail meandreux,Meandrina meandrites,
Cnidaire,Melithaea zimmeri,Melithaea zimmeri,mediterranee
Cnidaire,Merulina coral,Merulina ampliata,
Cnidaire,Anémone de Mitchell,Mesacmaea mitchelli,atlantique
Cnidaire,Mesacmaea mitchellii,Mesacmaea mitchellii,atlantique
Cnidaire,Anémone plumeuse,Metridium dianthus,atlantique
Cnidaire,Metridium farcimen,Metridium farcimen,atlantique
Cnidaire,Anémone plumeuse,Metridium senile,atlantique
Cnidaire,Corail de feu branchu,Millepora alcicornis,atlantique
Cnidaire,Corail de feu en plaques,Millepora complanata,mediterranee
Cnidaire,Corail de feu ramifié,Millepora dichotoma,"atlantique,mediterranee"
Cnidaire,Mitrocoma annae,Mitrocoma annae,mediterranee
Cnidaire,Modeeria rotunda,Modeeria rotunda,atlantique
Cnidaire,Grand Corail Étoilé,Montastraea cavernosa,
Cnidaire,Encrusting pore coral,Montipora aequituberculata,
Cnidaire,Montipora flabellata,Montipora flabellata,mediterranee
Cnidaire,Muggiaea atlantica,Muggiaea atlantica,
Cnidaire,California Golden Gorgonian,Muricea californica,
Cnidaire,brown gorgonian,Muricea fruticosa,
Cnidaire,Corail-fleur épineux,Mussa angulosa,mediterranee
Cnidaire,Bahia Brain Coral,Mussismilia braziliensis,
Cnidaire,Rio Brain Coral,Mussismilia hispida,
Cnidaire,Chinese cabbage coral,Mycedium elephantotus,
Cnidaire,Mycedium robokaki,Mycedium robokaki,mediterranee
Cnidaire,Corail cactus rugueux,Mycetophyllia ferox,
Cnidaire,Corail cactus ride,Mycetophyllia lamarckiana,
Cnidaire,Nanomia bijuga,Nanomia bijuga,mediterranee
Cnidaire,Cordon-de-mer atlantique,Nanomia cara,atlantique
Cnidaire,Nausithoé,Nausithoe punctata,"atlantique,mediterranee"
Cnidaire,Hydraire-antenne,Nemertesia antennina,atlantique
Cnidaire,Némertésie ramifiée,Nemertesia ramosa,atlantique
Cnidaire,Neotima lucullana,Neotima lucullana,mediterranee
Cnidaire,Neoturris pileata,Neoturris pileata,"atlantique,mediterranee"
Cnidaire,Hydraire arbustif,Obelia dichotoma,"atlantique,mediterranee"
Cnidaire,Obélie géniculée,Obelia geniculata,"atlantique,mediterranee"
Cnidaire,Grande obélie,Obelia longissima,mediterranee
Cnidaire,Océanie armée,Oceania armata,mediterranee
Cnidaire,Madrépore encroûtant,Oculina patagonica,mediterranee
Cnidaire,Olindias muelleri,Olindias muelleri,mediterranee
Cnidaire,Corail étoile massif,Orbicella annularis,
Cnidaire,Corail étoile massif,Orbicella faveolata,
Cnidaire,Corail étoile en bloc,Orbicella franksi,
Cnidaire,Orthopyxis caliculata,Orthopyxis caliculata,atlantique
Cnidaire,Oulactis muscosa,Oulactis muscosa,atlantique
Cnidaire,Corail-laitue poreux,Oxypora lacera,
Cnidaire,Cérianthe du Nord,Pachycerianthus borealis,
Cnidaire,Pachycerianthus delwynae,Pachycerianthus delwynae,atlantique
Cnidaire,Pachycerianthus dohrni,Pachycerianthus dohrni,"atlantique,mediterranee"
Cnidaire,Pachycerianthus fimbriatus,Pachycerianthus fimbriatus,"atlantique,mediterranee"
Cnidaire,Grand cérianthe nordique,Pachycerianthus multiplicatus,atlantique
Cnidaire,Cérianthe solitaire,Pachycerianthus solitarius,"atlantique,mediterranee"
Cnidaire,Pachyséris lamellaire,Pachyseris speciosa,
Cnidaire,White Encrusting Zoanthid,Palythoa caribaeorum,
Cnidaire,Palythoa grandis,Palythoa grandis,mediterranee
Cnidaire,Palythoa heliodiscus,Palythoa heliodiscus,mediterranee
Cnidaire,Palythoa mutuki,Palythoa mutuki,mediterranee
Cnidaire,Palythoa tuberculosa,Palythoa tuberculosa,
Cnidaire,Paracoryne huvei,Paracoryne huvei,mediterranee
Cnidaire,Anémone striée des posidonies,Paractinia striata,mediterranee
Cnidaire,Paracyathus pulchellus,Paracyathus pulchellus,mediterranee
Cnidaire,Paragoniastrea d'Australie,Paragoniastrea australensis,
Cnidaire,corail arborescent,Paragorgia arborea,
Cnidaire,Alcyon translucide,Paralcyonium spinulosum,"atlantique,mediterranee"
Cnidaire,Gorgone pourpre,Paramuricea clavata,"atlantique,mediterranee"
Cnidaire,Gorgone de Gray,Paramuricea grayi,atlantique
Cnidaire,corail à pales,Paramuricea placomus,
Cnidaire,Anémone des Posidonies,Paranemonia cinerea,mediterranee
Cnidaire,Paraphellia expansa,Paraphellia expansa,atlantique
Cnidaire,Anémone encroûtante blanche,Parazoanthus anguicomus,atlantique
Cnidaire,Parazoanthus (anémone encroûtante jaune),Parazoanthus axinellae,"atlantique,mediterranee"
Cnidaire,Parazoanthus brevitentacularis,Parazoanthus brevitentacularis,mediterranee
Cnidaire,Parazoanthus franciscae,Parazoanthus franciscae,mediterranee
Cnidaire,Pavona cactus,Pavona cactus,mediterranee
Cnidaire,Corail scapulaire,Pavona clavus,
Cnidaire,Cactus Coral,Pavona decussata,
Cnidaire,Pavona coral,Pavona duerdeni,
Cnidaire,leaf coral,Pavona gigantea,
Cnidaire,Corrugated Coral,Pavona varians,
Cnidaire,Anémone cylindrique,Peachia cylindrica,"atlantique,mediterranee"
Cnidaire,Pectinia lactuca,Pectinia lactuca,mediterranee
Cnidaire,Pélagie,Pelagia noctiluca,"atlantique,mediterranee"
Cnidaire,Hydraire des amarres,Pennaria disticha,mediterranee
Cnidaire,pennatule pointue,Pennatula aculeata,
Cnidaire,pennatule phosphorescente,Pennatula phosphorea,
Cnidaire,Pennatule rouge,Pennatula rubra,mediterranee
Cnidaire,Hydraire de Schneider,Perarella schneideri,mediterranee
Cnidaire,Helmet Jellyfish,Periphylla periphylla,
Cnidaire,Phacellophora camtschatica,Phacellophora camtschatica,mediterranee
Cnidaire,Phellia gausapata,Phellia gausapata,atlantique
Cnidaire,Phialella quadrata,Phialella quadrata,"atlantique,mediterranee"
Cnidaire,Phlyctenactis tuberculosa,Phlyctenactis tuberculosa,atlantique
Cnidaire,Phlyctenanthus australis,Phlyctenanthus australis,atlantique
Cnidaire,Phyllange américaine,Phyllangia americana,mediterranee
Cnidaire,Méduse à pois,Phyllorhiza punctata,"atlantique,mediterranee"
Cnidaire,Phymactis papillosa,Phymactis papillosa,atlantique
Cnidaire,Anémone-nénuphar,Phymanthus pulcher,mediterranee
Cnidaire,Physalie,Physalia physalis,"atlantique,mediterranee"
Cnidaire,Physophore-vahiné,Physophora hydrostatica,mediterranee
Cnidaire,Pinnigorgia flava,Pinnigorgia flava,mediterranee
Cnidaire,Corail cerveau dédale,Platygyra daedalea,
Cnidaire,Corail à bulles sinueux,Plerogyra sinuosa,mediterranee
Cnidaire,Corail à petits boutons,Plesiastrea versipora,
Cnidaire,Plumularia setacea,Plumularia setacea,atlantique
Cnidaire,cauliflower coral,Pocillopora capitata,
Cnidaire,Corail Choufleur,Pocillopora damicornis,
Cnidaire,Pocillopore corne d’élan,Pocillopora grandis,mediterranee
Cnidaire,Pocillopore méandreux,Pocillopora meandrina,
Cnidaire,Corail framboise,Pocillopora verrucosa,"atlantique,mediterranee"
Cnidaire,Podocoryna exigua,Podocoryna exigua,"atlantique,mediterranee"
Cnidaire,Madrépore-coupe,Polycyathus muellerae,"atlantique,mediterranee"
Cnidaire,Grand hydraire plumeux,Polyplumaria flabellata,"atlantique,mediterranee"
Cnidaire,Porite étoile,Porites astreoides,
Cnidaire,cylindrical finger coral,Porites cylindrica,
Cnidaire,Porite digitée,Porites divaricata,
Cnidaire,Porite digitée,Porites furcata,
Cnidaire,Corail étoile lisse,Porites lobata,
Cnidaire,Mound Coral,Porites lutea,
Cnidaire,Porite digité,Porites porites,
Cnidaire,Porites rus,Porites rus,mediterranee
Cnidaire,hump coral,Porites vaughani,
Cnidaire,Porpite,Porpita porpita,mediterranee
Cnidaire,corail des résédas,Primnoa resedaeformis,
Cnidaire,sealoch anemone,Protanthea simplex,
Cnidaire,Corail starlette,Psammocora stellata,
Cnidaire,Pseudactinia flagellifera,Pseudactinia flagellifera,atlantique
Cnidaire,Corail cerveau bossele,Pseudodiploria clivosa,
Cnidaire,Corail-cerveau symétrique,Pseudodiploria strigosa,atlantique
Cnidaire,Pennatule grise,Pteroeides griseum,"atlantique,mediterranee"
Cnidaire,grande pennatule,Ptilella grandis,
Cnidaire,pennatule de Gurney,Ptilosarcus gurneyi,
Cnidaire,Anémone-cuir,Radianthus crispa,"atlantique,mediterranee"
Cnidaire,Radianthus doreensis,Radianthus doreensis,mediterranee
Cnidaire,Anémone magnifique,Radianthus magnifica,"atlantique,mediterranee"
Cnidaire,Rhacostoma atlanticum,Rhacostoma atlanticum,atlantique
Cnidaire,Rhizogeton nudus,Rhizogeton nudus,atlantique
Cnidaire,Rhizophyse filiforme,Rhizophysa filiformis,mediterranee
Cnidaire,Rhizostome jaune,Rhizostoma luteum,"atlantique,mediterranee"
Cnidaire,Rhizostome atlantique,Rhizostoma octopus,atlantique
Cnidaire,Rhizostome de Méditerranée,Rhizostoma pulmo,"atlantique,mediterranee"
Cnidaire,Rhodactis indosinensis,Rhodactis indosinensis,mediterranee
Cnidaire,Rhodactis rhodostoma,Rhodactis rhodostoma,mediterranee
Cnidaire,Rhopalonema velatum,Rhopalonema velatum,mediterranee
Cnidaire,Rhopilema esculentum,Rhopilema esculentum,atlantique
Cnidaire,Méduse nomade,Rhopilema nomadica,
Cnidaire,Mushroom Jelly,Rhopilema verrilli,
Cnidaire,Corallimorphaire de Floride,Ricordea florida,mediterranee
Cnidaire,Rosacea cymbiformis,Rosacea cymbiformis,mediterranee
Cnidaire,Sagartiogeton blanc,Sagartia undata,"atlantique,mediterranee"
Cnidaire,Sagartiogeton lacéré,Sagartiogeton laceratus,atlantique
Cnidaire,Corail brique,Sarcodictyon catenatum,"atlantique,mediterranee"
Cnidaire,Sarcophyton glaucum,Sarcophyton glaucum,atlantique
Cnidaire,Anémone buissonnante,Savalia savaglia,mediterranee
Cnidaire,Schuchertinia milleri,Schuchertinia milleri,mediterranee
Cnidaire,Sclerophytum polydactyla,Sclerophytum polydactyla,mediterranee
Cnidaire,Scolanthus callimorphus,Scolanthus callimorphus,atlantique
Cnidaire,Corail-aiguille,Seriatopora hystrix,
Cnidaire,Sertularelle blanche,Sertularella crassicaulis,mediterranee
Cnidaire,Sertularelle ramifiée,Sertularella gayi,"atlantique,mediterranee"
Cnidaire,Sertularelle de Méditerranée,Sertularella mediterranea,mediterranee
Cnidaire,Sertularelle polyzonias,Sertularella polyzonias,"atlantique,mediterranee"
Cnidaire,Sertularella rugosa,Sertularella rugosa,atlantique
Cnidaire,Sertulaire argentée,Sertularia argentea,atlantique
Cnidaire,Hydraire cyprès,Sertularia cupressina,atlantique
Cnidaire,Sertularia perpusilla,Sertularia perpusilla,mediterranee
Cnidaire,Sideractis glacialis,Sideractis glacialis,atlantique
Cnidaire,Petit corail starlette,Siderastrea radians,
Cnidaire,Corail starlette massif,Siderastrea siderea,
Cnidaire,Sinularia brassica,Sinularia brassica,mediterranee
Cnidaire,Slabberia halterata,Slabberia halterata,atlantique
Cnidaire,Corail étoile lisse,Solenastrea bournoni,
Cnidaire,scléractiniaire variable,Solenosmilia variabilis,
Cnidaire,Solmissus,Solmissus albescens,mediterranee
Cnidaire,Solmundella bitentaculata,Solmundella bitentaculata,mediterranee
Cnidaire,Corail étoile rougissant,Stephanocoenia intersepta,
Cnidaire,Anémone de Haddon,Stichodactyla haddoni,
Cnidaire,Anémone de Mertens,Stichodactyla mertensii,mediterranee
Cnidaire,Cabbagehead Jelly,Stomolophus meleagris,
Cnidaire,anémone marbrée,Stomphia coccinea,
Cnidaire,Stylactis inermis,Stylactis inermis,mediterranee
Cnidaire,hydrocoralliaire de Californie,Stylaster californicus,
Cnidaire,Stylophora pistillata,Stylophora pistillata,mediterranee
Cnidaire,Subergorgia suberosa,Subergorgia suberosa,mediterranee
Cnidaire,Sulculeolaria quadrivalvis,Sulculeolaria quadrivalvis,mediterranee
Cnidaire,Petit cérianthe,Synarachnactis lloydii,"atlantique,mediterranee"
Cnidaire,Hydraire à branches opposées,Synthecium evansi,mediterranee
Cnidaire,Tamarisca tamarisca,Tamarisca tamarisca,atlantique
Cnidaire,Anémone rougeâtre nocturne,Telmatactis forskalii,"atlantique,mediterranee"
Cnidaire,Thuiaria articulata,Thuiaria articulata,atlantique
Cnidaire,bottle-brush,Thuiaria thuja,
Cnidaire,Tridentata perpusilla,Tridentata perpusilla,mediterranee
Cnidaire,Tubastrée soleil,Tubastraea aurea,atlantique
Cnidaire,Tubastrée orange,Tubastraea coccinea,atlantique
Cnidaire,Tubastrée arborescente,Tubastraea micranthus,mediterranee
Cnidaire,Grande tubulaire,Tubularia indivisa,"atlantique,mediterranee"
Cnidaire,Corail-coupe laitue,Turbinaria mesenterina,mediterranee
Cnidaire,Turbinaire jaune,Turbinaria reniformis,"atlantique,mediterranee"
Cnidaire,Turritopsis polycirrha,Turritopsis polycirrha,atlantique
Cnidaire,Urticina clandestina,Urticina clandestina,
Cnidaire,Sand Rose Anemone,Urticina columbiana,
Cnidaire,leathery anemone,Urticina coriacea,
Cnidaire,Christmas anemone,Urticina crassicornis,
Cnidaire,Urticina eques,Urticina eques,atlantique
Cnidaire,Dahlia de mer,Urticina felina,atlantique
Cnidaire,Painted Anemone,Urticina grebelnyi,
Cnidaire,McPeak anemone,Urticina mcpeaki,
Cnidaire,fish-eating anemone,Urticina piscivora,
Cnidaire,Vélelle,Velella velella,"atlantique,mediterranee"
Cnidaire,Vérétille verge de chien,Veretillum cynomorium,mediterranee
Cnidaire,Plume élégante,Virgularia mirabilis,"atlantique,mediterranee"
Cnidaire,Xenia umbellata,Xenia umbellata,mediterranee
Cnidaire,Zanclea giancarloi,Zanclea giancarloi,mediterranee
Cnidaire,Zoanthaire caraïbe à cœur vert,Zoanthus pulchellus,mediterranee
Cténophore,Abyssal Comb Jelly,Beroe abyssicola,
Cténophore,Groseille-de-mer rosée,Beroe cucumis,atlantique
Cténophore,Béroé de Forskal,Beroe forskalii,mediterranee
Cténophore,Béroé gracile,Beroe gracilis,"atlantique,mediterranee"
Cténophore,Beroe mitrata,Beroe mitrata,mediterranee
Cténophore,Béroé,Beroe ovata,"atlantique,mediterranee"
Cténophore,Bolinopsis ashleyi,Bolinopsis ashleyi,
Cténophore,Groseille-de-mer lobée,Bolinopsis infundibulum,atlantique
Cténophore,Cténophore canadienne,Bolinopsis microptera,
Cténophore,Bolinopsis rubripunctata,Bolinopsis rubripunctata,
Cténophore,Bolinopsis vitrea,Bolinopsis vitrea,mediterranee
Cténophore,Callianira à deux ailes,Callianira bialata,mediterranee
Cténophore,Callianira cristata,Callianira cristata,
Cténophore,Ceinture de Vénus,Cestum veneris,mediterranee
Cténophore,Charistephane fugiens,Charistephane fugiens,mediterranee
Cténophore,Cténaire des étoiles,Coeloplana astericola,
Cténophore,Cténaire des oursins,Coeloplana bannwarthii,
Cténophore,Coeloplana krusadiensis,Coeloplana krusadiensis,
Cténophore,Coeloplana meteoris,Coeloplana meteoris,
Cténophore,Coeloplana scaberiae,Coeloplana scaberiae,
Cténophore,Coeloplana willeyi,Coeloplana willeyi,
Cténophore,Deiopea kaloktenota,Deiopea kaloktenota,mediterranee
Cténophore,Dryodora glandiformis,Dryodora glandiformis,
Cténophore,Euplokamis dunlapae,Euplokamis dunlapae,
Cténophore,Euplokamis,Euplokamis stationis,mediterranee
Cténophore,Cténophore à points rouges,Eurhamphaea vexilligera,"atlantique,mediterranee"
Cténophore,Haeckelia rubra,Haeckelia rubra,mediterranee
Cténophore,Hormiphora cucumis,Hormiphora cucumis,
Cténophore,Hormiphora plumosa,Hormiphora plumosa,mediterranee
Cténophore,Lampea pancerina,Lampea pancerina,mediterranee
Cténophore,Leucothéa,Leucothea multicornis,"atlantique,mediterranee"
Cténophore,Leucothea pulchra,Leucothea pulchra,
Cténophore,Lyrocteis jaune pâle,Lyrocteis flavopallidus,
Cténophore,Groseille de mer plate,Mertensia ovum,atlantique
Cténophore,Mnémiopsis,Mnemiopsis leidyi,"atlantique,mediterranee"
Cténophore,Winged Pocket Comb Jelly,Neis cordigera,
Cténophore,ocyroé cristalline,Ocyropsis crystallina,
Cténophore,Cténophore à ailes tachetées,Ocyropsis maculata,
Cténophore,Pacific sea gooseberry,Pleurobrachia bachei,
Cténophore,Groseille de mer,Pleurobrachia pileus,"atlantique,mediterranee"
Cténophore,Pleurobrachia rhodopis,Pleurobrachia rhodopis,mediterranee
Cténophore,Comb jellyfish,Vallicula multiformis,
Cténophore,Venus girdle,Velamen parallelum,
Echinoderme,Acanthaster du Pacifique,Acanthaster planci,
Echinoderme,Ophiure fouisseuse,Acrocnida brachiata,"atlantique,mediterranee"
Echinoderme,Acrocnida spatulispina,Acrocnida spatulispina,atlantique
Echinoderme,Holothurie brune des brisants,Actinopyga mauritiana,
Echinoderme,Pacific White-spotted Sea Cucumber,Actinopyga varians,
Echinoderme,Allostichaster polyplax,Allostichaster polyplax,mediterranee
Echinoderme,Amphilepis norvegica,Amphilepis norvegica,
Echinoderme,Amphiodia occidentalis,Amphiodia occidentalis,atlantique
Echinoderme,Ophiure écailleuse,Amphipholis squamata,"atlantique,mediterranee"
Echinoderme,Amphiura chiajei,Amphiura chiajei,"atlantique,mediterranee"
Echinoderme,Amphiura filiformis,Amphiura filiformis,atlantique
Echinoderme,Amphiura stepanovi,Amphiura stepanovi,
Echinoderme,Comatule de Bennett,Anneissia bennetti,
Echinoderme,Etoile patte-d'oie,Anseropoda placenta,atlantique
Echinoderme,Comatule commune,Antedon bifida,atlantique
Echinoderme,Comatule de méditerranée,Antedon mediterranea,mediterranee
Echinoderme,Antedon petasus,Antedon petasus,
Echinoderme,holothurie de Californie,Apostichopus californicus,
Echinoderme,holothurie à papilles blanches,Apostichopus leukothele,
Echinoderme,Warty Sea Cucumber,Apostichopus parvimensis,
Echinoderme,Naked Green Sea Urchin,Arbacia dufresnii,
Echinoderme,Oursin noir,Arbacia lixula,"atlantique,mediterranee"
Echinoderme,Arbacia punctulata,Arbacia punctulata,mediterranee
Echinoderme,Arbacia stellata,Arbacia stellata,mediterranee
Echinoderme,Étoile fouisseuse,Archaster typicus,mediterranee
Echinoderme,Lèche-doigts de Lefèvre,Aslia lefevrei,atlantique
Echinoderme,Flat-bottomed star,Asterias amurensis,
Echinoderme,Forbes sea star,Asterias forbesi,
Echinoderme,Étoile de mer commune,Asterias rubens,"atlantique,mediterranee"
Echinoderme,Astérie bossue,Asterina gibbosa,"atlantique,mediterranee"
Echinoderme,Astérie naine des posidonies,Asterina pancerii,mediterranee
Echinoderme,Petite astérie naine,Asterina phylactica,atlantique
Echinoderme,Fragile Rainbow Star,Astrometis sertulifera,
Echinoderme,Grande étoile-peigne,Astropecten aranciacus,mediterranee
Echinoderme,Astropecten armatus,Astropecten armatus,mediterranee
Echinoderme,Étoile peigne hérissée,Astropecten bispinosus,mediterranee
Echinoderme,Etoile-peigne commune,Astropecten irregularis,"atlantique,mediterranee"
Echinoderme,Étoile-peigne de Johnston,Astropecten jonstoni,mediterranee
Echinoderme,Etoile-peigne à piquants plats,Astropecten platyacanthus,mediterranee
Echinoderme,Étoile piquante,Astropecten polyacanthus,
Echinoderme,Astropecten scoparius,Astropecten scoparius,atlantique
Echinoderme,Petite étoile-peigne,Astropecten spinulosus,mediterranee
Echinoderme,Gorgonocéphale géant,Astrophyton muricatum,
Echinoderme,Gorgonocéphale,Astrospartus mediterraneus,mediterranee
Echinoderme,Australasian Brown Sea Cucumber,Australostichopus mollis,
Echinoderme,Holothurie-léopard,Bohadschia argus,
Echinoderme,Holothurie des Fidji,Bohadschia vitiensis,
Echinoderme,oursin délicat,Brisaster fragilis,
Echinoderme,Oursin lyre,Brissopsis lyrifera,mediterranee
Echinoderme,Oursin de sable gris,Brissus unicolor,mediterranee
Echinoderme,Red Sea Star,Callopatiria granifera,
Echinoderme,Cenolia tasmaniae,Cenolia tasmaniae,
Echinoderme,Cenolia trichoptera,Cenolia trichoptera,
Echinoderme,Crowned sea urchin,Centrostephanus coronatus,
Echinoderme,Oursin-diadème méditerranéen,Centrostephanus longispinus,mediterranee
Echinoderme,Centrostephanus rodgersii,Centrostephanus rodgersii,atlantique
Echinoderme,Ceramaster granularis,Ceramaster granularis,
Echinoderme,Pink Warty Sea Cucumber,Cercodemas anceps,
Echinoderme,Etoile de mer aux longs bras,Chaetaster longipes,mediterranee
Echinoderme,Etoile-coussin granuleuse,Choriaster granulatus,
Echinoderme,Oursin-lance gris,Cidaris cidaris,"atlantique,mediterranee"
Echinoderme,Oursin tortue,Colobocentrotus atratus,
Echinoderme,Eleven-armed seastar,Coscinasterias muricata,
Echinoderme,Etoile de mer épineuse,Coscinasterias tenuispina,"atlantique,mediterranee"
Echinoderme,Common Fjord Sea Star,Cosmasterias lurida,
Echinoderme,Crachat d'amiral,Crossaster papposus,atlantique
Echinoderme,Crossaster penicillatus,Crossaster penicillatus,
Echinoderme,Common Mud Star,Ctenodiscus crispatus,
Echinoderme,Concombre de mer du nord,Cucumaria frondosa,atlantique
Echinoderme,Cucumaria miniata,Cucumaria miniata,atlantique
Echinoderme,Etoile-coussin Pacifique,Culcita novaeguineae,
Echinoderme,Étoile-coussin de l'Océan Indien,Culcita schmideliana,atlantique
Echinoderme,Davidaster rubiginosus,Davidaster rubiginosus,
Echinoderme,oursin excentrique,Dendraster excentricus,
Echinoderme,Leather star,Dermasterias imbricata,
Echinoderme,Oursin-diadème des Antilles,Diadema antillarum,atlantique
Echinoderme,Diadema mexicanum,Diadema mexicanum,
Echinoderme,Oursin-diadème de Savigny,Diadema savignyi,"atlantique,mediterranee"
Echinoderme,Oursin-diadème à anneau orange,Diadema setosum,"atlantique,mediterranee"
Echinoderme,Pincushion Star,Diplopteraster multipes,
Echinoderme,Dollar des sables,Echinarachnius parma,
Echinoderme,Echinaster brasiliensis,Echinaster brasiliensis,atlantique
Echinoderme,Étoile de mer de Luzon,Echinaster luzonicus,
Echinoderme,Étoile de mer rouge,Echinaster sepositus,"atlantique,mediterranee"
Echinoderme,Oursin-cœur,Echinocardium cordatum,"atlantique,mediterranee"
Echinoderme,Oursin cœur de Fenaux,Echinocardium fenauxi,"atlantique,mediterranee"
Echinoderme,Echinocardium flavescens,Echinocardium flavescens,mediterranee
Echinoderme,Oursin cœur de Méditerranée,Echinocardium mediterraneum,mediterranee
Echinoderme,Spatangue de Mortensen,Echinocardium mortenseni,mediterranee
Echinoderme,Oursin cœur de Norman,Echinocardium pennatifidum,atlantique
Echinoderme,Fève de mer,Echinocyamus pusillus,"atlantique,mediterranee"
Echinoderme,Oursin de récif,Echinometra lucunter,"atlantique,mediterranee"
Echinoderme,Oursin perforant,Echinometra mathaei,"atlantique,mediterranee"
Echinoderme,Echinometra vanbrunti,Echinometra vanbrunti,atlantique
Echinoderme,Oursin de récif des Antilles,Echinometra viridis,
Echinoderme,Oursin à doubles piquants,Echinothrix calamaris,mediterranee
Echinoderme,Oursin bleu-noir,Echinothrix diadema,
Echinoderme,Oursin globuleux,Echinus esculentus,atlantique
Echinoderme,Oursin melon,Echinus melo,mediterranee
Echinoderme,Headless Chicken Fish,Enypniastes eximia,
Echinoderme,Epitomapta roseola,Epitomapta roseola,atlantique
Echinoderme,Galapagos Slate Pencil Urchin,Eucidaris galapagensis,
Echinoderme,slate pencil urchin,Eucidaris thouarsii,
Echinoderme,Oursin-lance antillais,Eucidaris tribuloides,atlantique
Echinoderme,holothurie à sillons,Eupentacta quinquesemita,
Echinoderme,Mottled Sea Star,Evasterias troschelii,
Echinoderme,Sea egg,Evechinus chloroticus,
Echinoderme,Cake Urchin,Fellaster zelandiae,
Echinoderme,Many-pored seastar,Fromia polypora,
Echinoderme,Genocidaris maculata,Genocidaris maculata,mediterranee
Echinoderme,Stumpy pencil urchin,Goniocidaris tubaria,
Echinoderme,Tête de méduse arctique,Gorgonocephalus arcticus,
Echinoderme,Common basket star,Gorgonocephalus eucnemis,
Echinoderme,Oursin pointu,Gracilechinus acutus,"atlantique,mediterranee"
Echinoderme,Gracilechinus multidentatus,Gracilechinus multidentatus,
Echinoderme,Etoile de mer lisse,Hacelia attenuata,mediterranee
Echinoderme,Astérie héliante,Heliaster helianthus,
Echinoderme,Western Pacific purple sea urchin,Heliocidaris erythrogramma,
Echinoderme,Heliometra glacialis,Heliometra glacialis,
Echinoderme,Henricia leviuscula,Henricia leviuscula,mediterranee
Echinoderme,Étoile cuir,Henricia oculata,atlantique
Echinoderme,Dwarf Mottled Henricia,Henricia pumila,
Echinoderme,Étoile cuir sanguine,Henricia sanguinolenta,atlantique
Echinoderme,Oursin-crayon,Heterocentrotus mamillatus,atlantique
Echinoderme,Arctic cushion star,Hippasteria phrygiana,
Echinoderme,Holothurie à ocelles noires,Holothuria atra,mediterranee
Echinoderme,Holothurie rose,Holothuria edulis,mediterranee
Echinoderme,Holothurie noire,Holothuria forskali,"atlantique,mediterranee"
Echinoderme,Elephant Trunkfish,Holothuria fuscopunctata,
Echinoderme,Holothuria (Mertensiothuria) hilla,Holothuria hilla,
Echinoderme,Holothurie-bouteille,Holothuria impatiens,mediterranee
Echinoderme,Holothuria (Halodeima) kefersteinii,Holothuria kefersteinii,
Echinoderme,Holothurie noire de l'Indo-Pacifique,Holothuria leucospilota,"atlantique,mediterranee"
Echinoderme,Holothuria (Holothuria) mammata,Holothuria mammata,"atlantique,mediterranee"
Echinoderme,Dunkey Dung Sea Cucumber,Holothuria mexicana,
Echinoderme,Holothurie noire à mamelles,Holothuria nobilis,
Echinoderme,Holothurie têtue,Holothuria pervicax,mediterranee
Echinoderme,Holothurie à points blancs,Holothuria poli,mediterranee
Echinoderme,Holothuria (Theelothuria) princeps,Holothuria princeps,atlantique
Echinoderme,Holothurie auréolée,Holothuria sanctori,mediterranee
Echinoderme,Le gris,Holothuria scabra,
Echinoderme,Holothurie (concombre de mer),Holothuria tubulosa,"atlantique,mediterranee"
Echinoderme,Concombre de mer à points,Isostichopus badionotus,
Echinoderme,Concombre de mer géant,Isostichopus fuscus,
Echinoderme,Labidoplax buskii,Labidoplax buskii,atlantique
Echinoderme,Laetmogone violacea,Laetmogone violacea,
Echinoderme,Leptasterias groenlandica,Leptasterias groenlandica,
Echinoderme,Leptasterias hexactis,Leptasterias hexactis,
Echinoderme,Leptasterias (Leptasterias) muelleri,Leptasterias muelleri,
Echinoderme,grande astérie polaire,Leptasterias polaris,
Echinoderme,Leptometra celtica,Leptometra celtica,
Echinoderme,Leptosynapta bergensis,Leptosynapta bergensis,atlantique
Echinoderme,Leptosynapta decaria,Leptosynapta decaria,
Echinoderme,Leptosynapta galliennii,Leptosynapta galliennii,atlantique
Echinoderme,Leptosynapta inhaerens,Leptosynapta inhaerens,atlantique
Echinoderme,Fragile Star,Linckia columbiae,
Echinoderme,Comète de mer,Linckia guildingi,
Echinoderme,Linckia bleue,Linckia laevigata,"atlantique,mediterranee"
Echinoderme,Comète de mer,Linckia multifora,
Echinoderme,Dwarf Sea Cucumber,Lissothuria nutriens,
Echinoderme,oursin chilien,Loxechinus albus,
Echinoderme,Étoile à sept bras,Luidia ciliaris,"atlantique,mediterranee"
Echinoderme,Gray Sea Star,Luidia clathrata,
Echinoderme,Sand Star,Luidia foliolata,
Echinoderme,Luidia tachetée,Luidia maculata,
Echinoderme,Luidia de Sars,Luidia sarsi,"atlantique,mediterranee"
Echinoderme,Luidia sarsii,Luidia sarsii,atlantique
Echinoderme,Astérie du Sénégal,Luidia senegalensis,
Echinoderme,white sea urchin,Lytechinus pictus,
Echinoderme,Oursin vert des Galápagos,Lytechinus semituberculatus,
Echinoderme,Oursin multicolore,Lytechinus variegatus,mediterranee
Echinoderme,Marthasterias africana,Marthasterias africana,atlantique
Echinoderme,Étoile de mer glaciaire,Marthasterias glacialis,"atlantique,mediterranee"
Echinoderme,Vermilion Star,Mediaster aequalis,
Echinoderme,Five-slotted Sand Dollar,Mellita quinquiesperforata,
Echinoderme,Carpet Sea Star,Meridiastra calcar,
Echinoderme,Gunn's six-armed star,Meridiastra gunnii,
Echinoderme,Oursin rouge géant,Mesocentrotus franciscanus,"atlantique,mediterranee"
Echinoderme,Mespilia globulus,Mespilia globulus,
Echinoderme,Large Spiny Star,Meyenaster gelatinosus,
Echinoderme,Large-plated Sea Star,Nectria macrobrachia,
Echinoderme,Ocellate seastar,Nectria ocellata,
Echinoderme,Holothurie de sable,Neopentadactyla mixta,atlantique
Echinoderme,Chocolate Chip Sea Star,Nidorellia armata,
Echinoderme,Petit lèche-doigts blanc,Ocnus lacteus,"atlantique,mediterranee"
Echinoderme,Lèche-doigts de Plancus,Ocnus planci,"atlantique,mediterranee"
Echinoderme,Oestergrenia digitata,Oestergrenia digitata,"atlantique,mediterranee"
Echinoderme,Ophiacantha bidentata,Ophiacantha bidentata,
Echinoderme,Ophiacantha setosa,Ophiacantha setosa,mediterranee
Echinoderme,Ophiactis balli,Ophiactis balli,
Echinoderme,Ophiactis savignyi,Ophiactis savignyi,mediterranee
Echinoderme,Etoile de mer violette,Ophidiaster ophidianus,mediterranee
Echinoderme,Ophiocoma aethiops,Ophiocoma aethiops,"atlantique,mediterranee"
Echinoderme,Ophiocome scolopendrin,Ophiocoma scolopendrina,
Echinoderme,Ophiure noire,Ophiocomina nigra,"atlantique,mediterranee"
Echinoderme,Ophiocten affinis,Ophiocten affinis,
Echinoderme,Sericeum Brittle Star,Ophiocten sericeum,
Echinoderme,Ophiure lisse,Ophioderma longicaudum,"atlantique,mediterranee"
Echinoderme,Ophioderma panamense,Ophioderma panamense,
Echinoderme,Ophiure à anneaux pourpres,Ophiolepis superba,mediterranee
Echinoderme,Ophiure molle,Ophiomyxa pentagona,mediterranee
Echinoderme,Banded Brittle Star,Ophionereis annulata,
Echinoderme,Ophiure-pâquerette,Ophiopholis aculeata,mediterranee
Echinoderme,Ophiophthalmus normani,Ophiophthalmus normani,atlantique
Echinoderme,Esmark's brittle star,Ophioplocus esmarki,
Echinoderme,Ophiure de sable d'Europe,Ophiopsila annulosa,"atlantique,mediterranee"
Echinoderme,Ophiure araignée,Ophiopsila aranea,"atlantique,mediterranee"
Echinoderme,Flat-spined Brittle Star,Ophiopteris papillosa,
Echinoderme,Ophiure,Ophiothrix fragilis,"atlantique,mediterranee"
Echinoderme,Ophiothrix (Ophiothrix) spiculata,Ophiothrix spiculata,
Echinoderme,Suenson's brittle star,Ophiothrix suensonii,
Echinoderme,Ophiure blanche,Ophiura albida,"atlantique,mediterranee"
Echinoderme,Ophiura (Dictenophiura) carnea,Ophiura carnea,
Echinoderme,Ophiure commune,Ophiura ophiura,"atlantique,mediterranee"
Echinoderme,Ophiura robusta,Ophiura robusta,
Echinoderme,Notched Brittle Star,Ophiura sarsii,
Echinoderme,Étoile-coussin réticulée,Oreaster reticulatus,atlantique
Echinoderme,Painted Star,Orthasterias koehleri,
Echinoderme,Ova canalifera,Ova canalifera,mediterranee
Echinoderme,holothurie de Moseley,Pannychia moseleyi,
Echinoderme,Oursin commun,Paracentrotus lividus,"atlantique,mediterranee"
Echinoderme,Paraleptopentacta elongata,Paraleptopentacta elongata,
Echinoderme,Holothurie de sable,Parastichopus regalis,mediterranee
Echinoderme,Parastichopus tremulus,Parastichopus tremulus,
Echinoderme,Cape Seaurchin,Parechinus angulosus,
Echinoderme,Dwarf Cushion Star,Parvulastra exigua,
Echinoderme,Patiria miniata,Patiria miniata,"atlantique,mediterranee"
Echinoderme,Patiria pectinifera,Patiria pectinifera,atlantique
Echinoderme,Common cushion star,Patiriella regularis,
Echinoderme,Grand lèche-doigts blanc,Pawsonia saxicola,"atlantique,mediterranee"
Echinoderme,Holothurie léopard,Pearsonothuria graeffei,
Echinoderme,Étoile-biscuit,Peltaster placenta,"atlantique,mediterranee"
Echinoderme,Peniagone leander,Peniagone leander,
Echinoderme,Pentaceraster cumingi,Pentaceraster cumingi,mediterranee
Echinoderme,Pentaceraster mammillatus,Pentaceraster mammillatus,mediterranee
Echinoderme,Biscuit Star,Pentagonaster duebeni,
Echinoderme,Cushion star,Petricia vernicina,
Echinoderme,Pyramid Sea Star,Pharia pyramidata,
Echinoderme,Blue Sea Star,Phataria unifascialis,
Echinoderme,Pisaster brevispinus,Pisaster brevispinus,atlantique
Echinoderme,Giant Sea Star,Pisaster giganteus,
Echinoderme,Ochre Sea Star,Pisaster ochraceus,
Echinoderme,Mosaic Sea Star,Plectaster decanus,
Echinoderme,Porania pulvillus,Porania pulvillus,atlantique
Echinoderme,Étoile de mer à cornes de l’océan Indien,Protoreaster lincki,"atlantique,mediterranee"
Echinoderme,Etoile de mer à cornes,Protoreaster nodosus,"atlantique,mediterranee"
Echinoderme,Oursin grimpeur,Psammechinus microtuberculatus,mediterranee
Echinoderme,Oursin vert,Psammechinus miliaris,atlantique
Echinoderme,Little Pink Urchin,Pseudechinus magellanicus,
Echinoderme,holothurie souple,Pseudostichopus mollis,
Echinoderme,Pseudothyone raphanus,Pseudothyone raphanus,mediterranee
Echinoderme,Psilaster acuminatus,Psilaster acuminatus,
Echinoderme,Psilaster andromeda,Psilaster andromeda,
Echinoderme,holothurie cuirassée,Psolus chitonoides,
Echinoderme,holothurie brune,Psolus phantapus,
Echinoderme,holothurie écailleuse,Psolus squamatus,
Echinoderme,Étoile-coussin boréale,Pteraster militaris,
Echinoderme,North Pacific Cushion Star,Pteraster tesselatus,
Echinoderme,Pycnopodia helianthoides,Pycnopodia helianthoides,mediterranee
Echinoderme,Morning sun star,Solaster dawsoni,
Echinoderme,Soleil de mer pourpre,Solaster endeca,
Echinoderme,Orange sun star,Solaster stimpsoni,
Echinoderme,Spatangue pourpre,Spatangus purpureus,mediterranee
Echinoderme,Oursin granuleux,Sphaerechinus granularis,"atlantique,mediterranee"
Echinoderme,Reef Sea Star,Stichaster australis,
Echinoderme,Common Light-striated Sea Star,Stichaster striatus,
Echinoderme,Étoile du Nord rose,Stichastrella rosea,atlantique
Echinoderme,L’ananas vert,Stichopus chloronotus,
Echinoderme,Holothurie curry,Stichopus herrmanni,
Echinoderme,Holothurie hérissée,Stichopus horrens,
Echinoderme,Oursin vert,Strongylocentrotus droebachiensis,atlantique
Echinoderme,oursin fragile,Strongylocentrotus fragilis,
Echinoderme,oursin pâle,Strongylocentrotus pallidus,
Echinoderme,Oursin pourpre,Strongylocentrotus purpuratus,mediterranee
Echinoderme,Fish-eating Star,Stylasterias forreri,
Echinoderme,Oursin lance rouge,Stylocidaris affinis,mediterranee
Echinoderme,Synapte maculée,Synapta maculata,
Echinoderme,Tethyaster subinermis,Tethyaster subinermis,mediterranee
Echinoderme,Tetrapygus niger,Tetrapygus niger,
Echinoderme,Concombre de mer épineux,Thelenota ananas,
Echinoderme,Holothurie géante,Thelenota anax,
Echinoderme,Thyone fusus,Thyone fusus,mediterranee
Echinoderme,Lèche-doigts épineux,Thyone roscovita,atlantique
Echinoderme,Common Biscuit Star,Tosia australis,
Echinoderme,Tosia magnifica,Tosia magnifica,atlantique
Echinoderme,Rose Flower Urchin,Toxopneustes roseus,
Echinoderme,Sea Egg,Tripneustes depressus,
Echinoderme,Oursin-bonnet de prêtre,Tripneustes gratilla,"atlantique,mediterranee"
Echinoderme,Oursin blanc,Tripneustes ventricosus,"atlantique,mediterranee"
Echinoderme,Five-armed Seastar,Uniophora granifera,
Eponge,Eponge-mamelles rose,Aaptos papillata,atlantique
Eponge,Eponge épineuse orange,Acanthella acuta,"atlantique,mediterranee"
Eponge,Adreus,Adreus fascicularis,atlantique
Eponge,Eponge orange,Agelas clathrodes,
Eponge,Éponge corne d'élan,Agelas conifera,mediterranee
Eponge,Agélas orangée,Agelas oroides,mediterranee
Eponge,Agelas tubulata,Agelas tubulata,
Eponge,Éponge multicolore,Aiolochroia crassa,
Eponge,Aiolochroia thiona,Aiolochroia thiona,
Eponge,éponge digitée,Amphilectus digitatus,
Eponge,Éponge mousse de carotte,Amphilectus fucorum,atlantique
Eponge,Erect Rope Sponge,Amphimedon compressa,
Eponge,Green Sponge,Amphimedon viridis,
Eponge,Antarctotetilla leptoderma,Antarctotetilla leptoderma,
Eponge,Antho dichotoma,Antho dichotoma,
Eponge,Antho variable,Antho inconstans,"atlantique,mediterranee"
Eponge,Aphrocallistes beatrix,Aphrocallistes beatrix,
Eponge,éponge moutonnée,Aphrocallistes vastus,
Eponge,Aplysille rose,Aplysilla rosea,"atlantique,mediterranee"
Eponge,Oscarelle rouge,Aplysilla rubra,atlantique
Eponge,Aplysille jaune soufre,Aplysilla sulfurea,"atlantique,mediterranee"
Eponge,Éponge verongia (aplysine),Aplysina aerophoba,"atlantique,mediterranee"
Eponge,Aplysina archeri,Aplysina archeri,mediterranee
Eponge,Eponge-corde lavande,Aplysina cauliformis,
Eponge,Eponge cavernicole jaune,Aplysina cavernicola,mediterranee
Eponge,candle sponge,Aplysina fistularis,
Eponge,Éponge-corde fauve,Aplysina fulva,
Eponge,Aplysina insularis,Aplysina insularis,mediterranee
Eponge,Ascaltis reticulum,Ascaltis reticulum,mediterranee
Eponge,Clathrine blanche,Ascandra contorta,"atlantique,mediterranee"
Eponge,Clathrine tubulaire,Ascandra falcata,atlantique
Eponge,Axinelle plate,Axinella damicornis,"atlantique,mediterranee"
Eponge,Axinelle étoilée,Axinella dissimilis,atlantique
Eponge,Axinelle-flustre,Axinella flustra,atlantique
Eponge,Axinelle entonnoir,Axinella infundibuliformis,atlantique
Eponge,Axinelle commune,Axinella polypoides,"atlantique,mediterranee"
Eponge,Axinella rugosa,Axinella rugosa,
Eponge,Axinella vaceleti,Axinella vaceleti,mediterranee
Eponge,Axinelle verruqueuse,Axinella verrucosa,"atlantique,mediterranee"
Eponge,Éponge-coussin jaune d'or,Axinyssa aurantiaca,mediterranee
Eponge,Éponge jaune digitée,Axinyssa digitata,mediterranee
Eponge,Éponge-coussin épineuse,Biemna variantia,atlantique
Eponge,Clathrine-cerveau,Borojevia cerebrum,"atlantique,mediterranee"
Eponge,Éponge cornée molle,Cacospongia mollior,"atlantique,mediterranee"
Eponge,Éponge-tuyau rose,Callyspongia aculeata,
Eponge,Callyspongia fallax,Callyspongia fallax,
Eponge,Finger Sponge,Callyspongia nuda,
Eponge,Azure Vase Sponge,Callyspongia plicifera,
Eponge,Calthropella pathologica,Calthropella pathologica,mediterranee
Eponge,Éponge calice de Nicée,Calyx nicaeensis,mediterranee
Eponge,Éponge chinoise,Celtodoryx ciocalyptoides,"atlantique,mediterranee"
Eponge,Éponge réticulée violet foncé,Chelonaplysilla noevus,"atlantique,mediterranee"
Eponge,chicken liver sponge,Chondrilla caribensis,
Eponge,Éponge-cerveau,Chondrilla nucula,mediterranee
Eponge,Eponge-rognon,Chondrosia reniformis,mediterranee
Eponge,Golf Ball Sponge,Cinachyrella australiensis,
Eponge,Eponge pinceau,Ciocalypta penicillus,"atlantique,mediterranee"
Eponge,Clathria armata,Clathria armata,mediterranee
Eponge,Éponge encroûtante rouge sang,Clathria atrasanguinea,"atlantique,mediterranee"
Eponge,Clathria compressa,Clathria compressa,mediterranee
Eponge,Clathria veinée à points blancs,Clathria jolicoeuri,mediterranee
Eponge,éponge plumeuse,Clathria pennata,
Eponge,Red Beard Sponge,Clathria prolifera,
Eponge,Clathria veinée,Clathria strepsitoxa,atlantique
Eponge,Clathria vulpina,Clathria vulpina,
Eponge,Clathrine pédonculée naine,Clathrina blanca,"atlantique,mediterranee"
Eponge,Clathrine jaune,Clathrina clathrus,"atlantique,mediterranee"
Eponge,Clarthrine-dentelle,Clathrina coriacea,"atlantique,mediterranee"
Eponge,Clathrine pédonculée,Clathrina lacunosa,"atlantique,mediterranee"
Eponge,Clathrine orange,Clathrina rubra,"atlantique,mediterranee"
Eponge,éponge de Californie,Cliona californiana,mediterranee
Eponge,Coral Encrusting Sponge,Cliona caribbaea,
Eponge,Clione jaune,Cliona celata,"atlantique,mediterranee"
Eponge,Cliona chilensis,Cliona chilensis,
Eponge,éponge lobée,Cliona lobata,atlantique
Eponge,Clione écarlate,Cliona rhodensis,mediterranee
Eponge,Clione violette,Cliona schmidtii,mediterranee
Eponge,Clione verte,Cliona viridis,"atlantique,mediterranee"
Eponge,Éponge perforante rouge,Cliothosa delitrix,
Eponge,Corallistes masoni,Corallistes masoni,mediterranee
Eponge,Éponge-chandelier,Corticium candelabrum,"atlantique,mediterranee"
Eponge,Éponge encroûtante orange-rouge,Crambe crambe,"atlantique,mediterranee"
Eponge,Éponge encroûtante de Tailliez,Crambe tailliezi,"atlantique,mediterranee"
Eponge,California ball sponge,Craniella arb,
Eponge,Craniella cranium,Craniella cranium,
Eponge,Crellie élégante,Crella elegans,mediterranee
Eponge,Crella plana,Crella plana,atlantique
Eponge,Éponge jaune à cratères,Crella pulvinar,mediterranee
Eponge,Crellie rose,Crella rosea,mediterranee
Eponge,Éponge velours grise,Dendroxea lenis,"atlantique,mediterranee"
Eponge,Éponge aile de chauve-souris,Dercitus bucklandi,atlantique
Eponge,Desmanthus incrustans,Desmanthus incrustans,mediterranee
Eponge,Éponge grumeleuse recouvrante,Desmapsamma anchorata,
Eponge,Dictyonelle à crêtes,Dictyonella incisa,"atlantique,mediterranee"
Eponge,Dictyonella marsilii,Dictyonella marsilii,mediterranee
Eponge,Dictyonella pelligera,Dictyonella pelligera,mediterranee
Eponge,Diplastrelle,Diplastrella bistellata,"atlantique,mediterranee"
Eponge,Éponge cheminée rose,Dysidea avara,mediterranee
Eponge,Heavenly Sponge,Dysidea etheria,
Eponge,Éponge mie de pain mouillée,Dysidea fragilis,"atlantique,mediterranee"
Eponge,Éponge fibreuse rose clair,Dysidea pallescens,"atlantique,mediterranee"
Eponge,Brown Encrusting Octopus Sponge,Ectyoplasia ferox,
Eponge,Éponge buisson plat orange,Endectyon delaubenfelsi,"atlantique,mediterranee"
Eponge,Éponge buisson effilé,Endectyon pilosum,mediterranee
Eponge,Ephydatia fluviatilis,Ephydatia fluviatilis,atlantique
Eponge,Éponge encroûtante rouge poilue,Eurypon major,mediterranee
Eponge,Éponge caverneuse grise,Fasciospongia cavernosa,mediterranee
Eponge,Gelliodes carnosa,Gelliodes carnosa,mediterranee
Eponge,Geodia atlantica,Geodia atlantica,
Eponge,éponge de Barrett,Geodia barretti,
Eponge,Geodia cydonium,Geodia cydonium,mediterranee
Eponge,éponge de Hentschel,Geodia hentscheli,
Eponge,Geodia neptuni,Geodia neptuni,
Eponge,Éponge petite bourse aplatie,Grantia compressa,atlantique
Eponge,Halichondrie cierge,Halichondria bowerbanki,"atlantique,mediterranee"
Eponge,Éponge mie de pain,Halichondria panicea,"atlantique,mediterranee"
Eponge,éponge desséchée,Halichondria sitiens,
Eponge,Chaline translucide,Haliclona angulata,"atlantique,mediterranee"
Eponge,Éponge tubulaire brune,Haliclona aquaeductus,mediterranee
Eponge,Blue Caribbean sponge,Haliclona caerulea,
Eponge,Chaline cendrée,Haliclona cinerea,"atlantique,mediterranee"
Eponge,Haliclona cratera,Haliclona cratera,mediterranee
Eponge,Haliclona cymaeformis,Haliclona cymaeformis,atlantique
Eponge,Éponge encroûtante rose,Haliclona fibulata,mediterranee
Eponge,Éponge fistuleuse,Haliclona fistulosa,"atlantique,mediterranee"
Eponge,Haliclone orange,Haliclona fulva,mediterranee
Eponge,Haliclona indistincta,Haliclona indistincta,atlantique
Eponge,Haliclona lacazei,Haliclona lacazei,mediterranee
Eponge,Éponge invisible de Méditerranée,Haliclona latens,"atlantique,mediterranee"
Eponge,Haliclona manglaris,Haliclona manglaris,
Eponge,Eponge tubulaire rose,Haliclona mediterranea,mediterranee
Eponge,Éponge baveuse à languettes,Haliclona mucosa,mediterranee
Eponge,Chaline oculée,Haliclona oculata,atlantique
Eponge,Eponge tubes de fer,Haliclona simulans,"atlantique,mediterranee"
Eponge,Haliclone bourgeonnante,Haliclona stirpescens,mediterranee
Eponge,éponge cruche,Haliclona urceolus,
Eponge,Chaline à cheminées roses,Haliclona viscosa,"atlantique,mediterranee"
Eponge,Chaline étrangère,Haliclona xena,"atlantique,mediterranee"
Eponge,Halicnemia gallica,Halicnemia gallica,"atlantique,mediterranee"
Eponge,Éponge hirsute orange,Halicnemia patera,atlantique
Eponge,Halicnemia verticillata,Halicnemia verticillata,atlantique
Eponge,Éponge étoilée bleue,Halisarca caerulea,
Eponge,Eponge gluante de Dujardin,Halisarca dujardinii,atlantique
Eponge,Éponge-voile,Halisarca harmelini,mediterranee
Eponge,Halisarca metschnikovi,Halisarca metschnikovi,atlantique
Eponge,Éponge catalane rouge à cratères,Hamigera hamigera,mediterranee
Eponge,Eponge à cratères,Hemimycale columella,"atlantique,mediterranee"
Eponge,Hemimycale de Méditerranée,Hemimycale mediterranea,mediterranee
Eponge,Hexadelle cryptique jaune,Hexadella crypta,mediterranee
Eponge,Hexadelle jaune d'or,Hexadella pruvoti,mediterranee
Eponge,Hexadelle rose pâle,Hexadella racovitzai,"atlantique,mediterranee"
Eponge,Hexadelle rose foncé,Hexadella topsenti,"atlantique,mediterranee"
Eponge,Éponge boule blanche poilue,Higginsia ciccaresei,mediterranee
Eponge,Éponge commune,Hippospongia communis,mediterranee
Eponge,Hippospongia elastica,Hippospongia elastica,
Eponge,Histodermella kagigunensis,Histodermella kagigunensis,
Eponge,Cream honeycomb sponge,Holopsamma laminaefavosa,
Eponge,éponge cerclée,Homaxinella amphispicula,
Eponge,Axinelle tortueuse,Homaxinella subdola,atlantique
Eponge,Hyattella intestinalis,Hyattella intestinalis,
Eponge,Hymedesmia jecusculum,Hymedesmia jecusculum,
Eponge,Hymedesmia pansa,Hymedesmia pansa,atlantique
Eponge,Éponge bleu-vert à cratères,Hymedesmia paupertas,"atlantique,mediterranee"
Eponge,Hymedesmia versicolor,Hymedesmia versicolor,mediterranee
Eponge,Hymeniacidon heliophila,Hymeniacidon heliophila,atlantique
Eponge,Hymeniacidon kitchingi,Hymeniacidon kitchingi,atlantique
Eponge,Éponge orange encroûtante,Hymeniacidon perlevis,"atlantique,mediterranee"
Eponge,Éponge fibreuse de Breen,Hymeraphia breeni,atlantique
Eponge,Hymeraphia stellifera,Hymeraphia stellifera,atlantique
Eponge,Hyrtios erectus,Hyrtios erectus,
Eponge,Ianthella basta,Ianthella basta,mediterranee
Eponge,Éponge boule de ficelles,Iophon funis,mediterranee
Eponge,Iophon de Hyndman,Iophon hyndmani,atlantique
Eponge,Iophon de Patterson,Iophon nigricans,atlantique
Eponge,éponge ténébreuse,Iophon piceum,
Eponge,Éponge-corde noire et verte,Iotrochota birotulata,
Eponge,Vase Garlic Sponge,Ircinia campana,
Eponge,Red Boring Sponge,Ircinia felix,
Eponge,Ircinie sombre,Ircinia oros,"atlantique,mediterranee"
Eponge,Ircinie réticulée,Ircinia retidermata,mediterranee
Eponge,Black Ball Sponge,Ircinia strobilina,
Eponge,Ircinie variable,Ircinia variabilis,mediterranee
Eponge,éponge rigide,Isodictya rigida,
Eponge,Latrunculia oparinae,Latrunculia oparinae,
Eponge,Éponge de Gosse,Leucandra gossei,"atlantique,mediterranee"
Eponge,lemon sponge,Leucetta chagosensis,
Eponge,Leucetta solide,Leucetta solida,mediterranee
Eponge,Leucilla d'Endoume,Leucilla endoumensis,mediterranee
Eponge,Éponge de Johnston,Leuconia johnstoni,"atlantique,mediterranee"
Eponge,Leuconie blanche,Leuconia nivea,atlantique
Eponge,Éponge calcaire tubulaire,Leucosolenia botryoides,atlantique
Eponge,Leucosolenia complicata,Leucosolenia complicata,atlantique
Eponge,Leuconie variable,Leucosolenia variabilis,"atlantique,mediterranee"
Eponge,Lissodendoryx complicata,Lissodendoryx complicata,
Eponge,Éponge carnivore,Lycopodina hypogea,"atlantique,mediterranee"
Eponge,Merlia normani,Merlia normani,mediterranee
Eponge,Éponge-cerveau rouge,Monanchora arbuscula,
Eponge,Mycale acerata,Mycale acerata,
Eponge,Mycale contarenii,Mycale contarenii,atlantique
Eponge,Orange Icing Sponge,Mycale laevis,
Eponge,Strawberry Vase Sponge,Mycale laxissima,
Eponge,Mycale-langue,Mycale lingua,"atlantique,mediterranee"
Eponge,éponge de Lovén,Mycale loveni,
Eponge,Mycale maigre,Mycale macilenta,mediterranee
Eponge,Mycale massa,Mycale massa,mediterranee
Eponge,éponge encroûtante,Mycale micracanthoxea,atlantique
Eponge,Mycale microsigmatosa,Mycale microsigmatosa,
Eponge,Mycale rouge carmin,Mycale rotalis,"atlantique,mediterranee"
Eponge,Mycale sanguinea,Mycale sanguinea,mediterranee
Eponge,Myceliospongia araneosa,Myceliospongia araneosa,mediterranee
Eponge,Myxilla (Myxilla) fimbriata,Myxilla fimbriata,atlantique
Eponge,Myxille encroûtante,Myxilla incrustans,atlantique
Eponge,Myxille rosée,Myxilla rosacea,atlantique
Eponge,Éponge pas-touche,Neofibularia nolitangere,
Eponge,Éponge-vase rose,Niphates digitalis,
Eponge,lavender rope sponge,Niphates erecta,
Eponge,Éponge-fistule blanc-fauve,Oceanapia isodictyiformis,"atlantique,mediterranee"
Eponge,Oceanapia robusta,Oceanapia robusta,
Eponge,Éponge de verre,Oopsacas minuta,mediterranee
Eponge,Éponge-coussinet rouge sang,Ophlitaspongia papilla,atlantique
Eponge,Oscarelle Bali Balo,Oscarella balibaloi,mediterranee
Eponge,Oscarelle jaune-orange,Oscarella imperialis,mediterranee
Eponge,Oscarelle,Oscarella lobularis,"atlantique,mediterranee"
Eponge,Oscarella nicolae,Oscarella nicolae,"atlantique,mediterranee"
Eponge,Oscarelle jaune-verdâtre,Oscarella tuberculata,mediterranee
Eponge,Oscarelle vert-pâle,Oscarella viridis,mediterranee
Eponge,Fesse d'éléphant,Pachymatisma johnstonia,"atlantique,mediterranee"
Eponge,Eponge-bourse à paillettes,Paraleucilla magna,"atlantique,mediterranee"
Eponge,Paratimea dentata,Paratimea dentata,atlantique
Eponge,Éponge-pierre blanche,Petrobiona massiliana,mediterranee
Eponge,Eponge pierre,Petrosia ficiformis,"atlantique,mediterranee"
Eponge,Éponge-calice,Phakellia ventilabrum,atlantique
Eponge,Pheronema carpenteri,Pheronema carpenteri,
Eponge,Phorbas opulent,Phorbas dives,"atlantique,mediterranee"
Eponge,Éponge nid d’abeille,Phorbas fictitius,"atlantique,mediterranee"
Eponge,Phorbas velouté,Phorbas plumosus,atlantique
Eponge,Éponge à cratères de Tailliez,Phorbas tailliezi,mediterranee
Eponge,Eponge encroûtante bleuâtre,Phorbas tenacior,mediterranee
Eponge,Eponge rouge à cratères,Phorbas topsenti,mediterranee
Eponge,Clione orange naine,Pione vastifica,mediterranee
Eponge,Éponge à plaques européenne,Placospongia decorticans,mediterranee
Eponge,Plakina jani,Plakina jani,mediterranee
Eponge,Plakine granuleuse,Plakina monolopha,"atlantique,mediterranee"
Eponge,Plakina trilopha,Plakina trilopha,mediterranee
Eponge,Plakortis simple,Plakortis simplex,mediterranee
Eponge,Eponge épineuse blanche,Pleraplysilla spinifera,"atlantique,mediterranee"
Eponge,Éponge-tubule,Polymastia agglutinans,"atlantique,mediterranee"
Eponge,Eponge mamelles,Polymastia boletiformis,atlantique
Eponge,Éponge à tétines brunes,Polymastia harmelini,mediterranee
Eponge,Polymastia mamillaris,Polymastia mamillaris,atlantique
Eponge,Éponge à languettes,Polymastia penicillus,"atlantique,mediterranee"
Eponge,Éponge jaune crémeux à bulles,Prosuberites longispinus,"atlantique,mediterranee"
Eponge,Prosuberites vansoesti,Prosuberites vansoesti,atlantique
Eponge,Éponge jaune des balanes,Protosuberites denhartogi,"atlantique,mediterranee"
Eponge,Protosuberites incrustans,Protosuberites incrustans,atlantique
Eponge,Pseudocorticium jarrei,Pseudocorticium jarrei,mediterranee
Eponge,Éponge encroûtante molle jaune,Pseudosuberites mollis,mediterranee
Eponge,Pseudosubérite soufre,Pseudosuberites sulphureus,"atlantique,mediterranee"
Eponge,Quasillina brevis,Quasillina brevis,atlantique
Eponge,Éponge rouge hirsute,Raspaciona aculeata,"atlantique,mediterranee"
Eponge,Raspailia agnata,Raspailia agnata,atlantique
Eponge,Éponge rameuse hispide,Raspailia hispida,atlantique
Eponge,Éponge rameaux de chocolat,Raspailia ramosa,atlantique
Eponge,Éponge rameuse brune,Raspailia viminalis,mediterranee
Eponge,Raspailia virgultosa,Raspailia virgultosa,mediterranee
Eponge,Eponge beige à excroissances,Rhaphidostyla kitchingi,atlantique
Eponge,Rossella racovitzae,Rossella racovitzae,
Eponge,Ircinie fibreuse,Sarcotragus fasciculatus,mediterranee
Eponge,Éponge cornée noire,Sarcotragus foetidus,mediterranee
Eponge,Sarcotragus pipetta,Sarcotragus pipetta,mediterranee
Eponge,Ircinie noire épineuse,Sarcotragus spinosulus,mediterranee
Eponge,Éponge cornée noire,Scalarispongia scalaris,mediterranee
Eponge,Scopaline de Blanes,Scopalina blanensis,mediterranee
Eponge,Scopaline ocre,Scopalina lophyropoda,mediterranee
Eponge,Eponge de Rützler,Scopalina ruetzleri,mediterranee
Eponge,Éponge à tétines jaunes,Sphaerotylus renoufi,atlantique
Eponge,Spheciospongia confoederata,Spheciospongia confoederata,mediterranee
Eponge,Éponge vagabonde,Spheciospongia vagabunda,
Eponge,Manjack,Spheciospongia vesparium,
Eponge,Éponge encroûtante rouge et rose,Spirastrella coccinea,
Eponge,Éponge encroûtante orange,Spirastrella cunctatrix,mediterranee
Eponge,Spongia agaricina,Spongia agaricina,mediterranee
Eponge,Éponge oreille d'éléphant de Méditerranée,Spongia lamella,"atlantique,mediterranee"
Eponge,Éponge de toilette,Spongia officinalis,mediterranee
Eponge,Éponge à verges,Spongia virgultosa,mediterranee
Eponge,Eponge d'eau douce,Spongilla lacustris,atlantique
Eponge,Spongosorites calcicola,Spongosorites calcicola,atlantique
Eponge,Éponge violette à oscules blancs,Spongosorites intricatus,mediterranee
Eponge,Stelligère étoilée,Stelligera montagui,atlantique
Eponge,Stelligère arbuste,Stelligera stuposa,atlantique
Eponge,Éponge compacte blanchâtre,Stryphnus ponderosus,atlantique
Eponge,Stylissa massa,Stylissa massa,mediterranee
Eponge,éponge boréale,Stylocordyla borealis,
Eponge,Suberites affinis,Suberites affinis,
Eponge,Éponge-balle,Suberites carnosus,"atlantique,mediterranee"
Eponge,Subérite-gîte,Suberites domuncula,"atlantique,mediterranee"
Eponge,Subérite-figue,Suberites ficus,"atlantique,mediterranee"
Eponge,Subérite massive,Suberites massa,"atlantique,mediterranee"
Eponge,Subérite des pagures,Suberites pagurorum,atlantique
Eponge,Éponge de Zea,Svenzea zeai,
Eponge,Sycandra utriculus,Sycandra utriculus,atlantique
Eponge,Eponge petit œuf,Sycon ciliatum,"atlantique,mediterranee"
Eponge,Sycon elegans,Sycon elegans,"atlantique,mediterranee"
Eponge,Sycon humboldti,Sycon humboldti,mediterranee
Eponge,Grand sycon,Sycon quadrangulatum,atlantique
Eponge,Petit sycon,Sycon raphanus,"atlantique,mediterranee"
Eponge,Tedania soufflée,Tedania anhelans,mediterranee
Eponge,Sponge,Tedania ignis,
Eponge,éponge voisine,Tentorium semisuberites,
Eponge,Éponge encroûtante bleue,Terpios gelatinosus,"atlantique,mediterranee"
Eponge,Orange de mer de Méditerranée,Tethya aurantium,"atlantique,mediterranee"
Eponge,Tethya burtoni,Tethya burtoni,mediterranee
Eponge,éponge orangée,Tethya californiana,
Eponge,Orange de mer de Manche Atlantique,Tethya citrina,"atlantique,mediterranee"
Eponge,Orange de mer blanche de Méditerranée,Tethya meloni,mediterranee
Eponge,éponge piquante,Thenea muricata,
Eponge,Éponge encroûtante blanche,Thymosia guernei,atlantique
Eponge,Thymosiopsis cuticulatus,Thymosiopsis cuticulatus,mediterranee
Eponge,Éponge encroûtante saumon,Timea unistellata,"atlantique,mediterranee"
Eponge,Trikentrion helium,Trikentrion helium,
Eponge,Éponge digitée rose saumon,Ulosa digitata,"atlantique,mediterranee"
Eponge,Outre glabre,Ute glabra,atlantique
Eponge,éponge de Pourtalès,Vazella pourtalesii,
Eponge,Éponge-baril réticulée,Verongula gigantea,
Eponge,Pitted Sponge,Verongula rigida,
Eponge,Xenospongia patelliformis,Xenospongia patelliformis,
Eponge,Baril de rhum,Xestospongia muta,
Eponge,Éponge-barrique,Xestospongia testudinaria,
Mollusque,Maillot seigle,Abida secale,
Mollusque,Abra alba,Abra alba,atlantique
Mollusque,glossy furrow-shell,Abra nitida,
Mollusque,elongate abra,Abra prismatica,
Mollusque,Abra tenuis,Abra tenuis,atlantique
Mollusque,Escargotin hérisson,Acanthinula aculeata,
Mollusque,Bucarde épineuse,Acanthocardia aculeata,"atlantique,mediterranee"
Mollusque,Bucarde rouge,Acanthocardia echinata,"atlantique,mediterranee"
Mollusque,Acanthocardia paucicostata,Acanthocardia paucicostata,"atlantique,mediterranee"
Mollusque,Bucarde tuberculée,Acanthocardia tuberculata,"atlantique,mediterranee"
Mollusque,Petit chiton hérissé,Acanthochitona crinita,"atlantique,mediterranee"
Mollusque,Acanthochitona discrepans,Acanthochitona discrepans,atlantique
Mollusque,Grand chiton épineux,Acanthochitona fascicularis,"atlantique,mediterranee"
Mollusque,Doris épineuse,Acanthodoris pilosa,atlantique
Mollusque,Aiguillette fauve,Acicula fusca,atlantique
Mollusque,Patelline d'Europe,Acroloxus lacustris,
Mollusque,Actéon enroulé,Acteon tornatilis,"atlantique,mediterranee"
Mollusque,Adontorhina similis,Adontorhina similis,
Mollusque,Aegires de Leuckart,Aegires leuckartii,mediterranee
Mollusque,Aegires de Cabo de Palos,Aegires palensis,mediterranee
Mollusque,Aegires à points lumineux,Aegires punctilucens,atlantique
Mollusque,Luisantine ample,Aegopinella nitens,
Mollusque,Grande luisantine,Aegopinella nitidula,
Mollusque,Petite luisantine,Aegopinella pura,
Mollusque,Eolis de Filomène,Aeolidia filomenae,atlantique
Mollusque,Éolidien à papilles,Aeolidia papillosa,atlantique
Mollusque,Eolis d'Alder,Aeolidiella alderi,"atlantique,mediterranee"
Mollusque,Eolis brillante,Aeolidiella glauca,atlantique
Mollusque,Eolis sanguine,Aeolidiella sanguinea,atlantique
Mollusque,Pétoncle blanc,Aequipecten opercularis,"atlantique,mediterranee"
Mollusque,Aglaja ponctuée,Aglaja tricolorata,mediterranee
Mollusque,Akera à bulle,Akera bullata,"atlantique,mediterranee"
Mollusque,Aldisa smaragdina,Aldisa smaragdina,atlantique
Mollusque,Lambi,Aliger gigas,
Mollusque,Clausilie septentrionale,Alinda biplicata,
Mollusque,Casseron bambou,Alloteuthis media,mediterranee
Mollusque,casseron commun,Alloteuthis subulata,"atlantique,mediterranee"
Mollusque,Alvania beanii,Alvania beanii,atlantique
Mollusque,Alvania cancellata,Alvania cancellata,"atlantique,mediterranee"
Mollusque,Alvania carinata,Alvania carinata,atlantique
Mollusque,Alvania cimex,Alvania cimex,mediterranee
Mollusque,Alvania cimicoides,Alvania cimicoides,atlantique
Mollusque,Alvania discors,Alvania discors,mediterranee
Mollusque,Alvania lactea,Alvania lactea,atlantique
Mollusque,Alvania lanciae,Alvania lanciae,mediterranee
Mollusque,Alvania lineata,Alvania lineata,mediterranee
Mollusque,Alvania punctura,Alvania punctura,atlantique
Mollusque,Limace d'Espagne,Ambigolimax valentianus,
Mollusque,Poulpe à quatre yeux,Amphioctopus membranaceus,mediterranee
Mollusque,Eolis magnifique,Amphorina andra,"atlantique,mediterranee"
Mollusque,Eubranchus de Farran,Amphorina farrani,"atlantique,mediterranee"
Mollusque,Eolis ligné,Amphorina linensis,"atlantique,mediterranee"
Mollusque,Eolis pâle,Amphorina pallida,atlantique
Mollusque,Eolis magnifique,Amphorina viriola,atlantique
Mollusque,Limnée ovale,Ampullaceana balthica,"atlantique,mediterranee"
Mollusque,Anadara gibbosa,Anadara gibbosa,mediterranee
Mollusque,Polycère bossue,Ancula gibbosa,atlantique
Mollusque,Patelline des fleuves,Ancylus fluviatilis,"atlantique,mediterranee"
Mollusque,Planorbe des fossés,Anisus leucostoma,"atlantique,mediterranee"
Mollusque,Planorbe de Linné,Anisus spirorbis,"atlantique,mediterranee"
Mollusque,Planorbe tourbillon,Anisus vortex,atlantique
Mollusque,Anodonte des rivières,Anodonta anatina,"atlantique,mediterranee"
Mollusque,Anodonte des étangs,Anodonta cygnea,"atlantique,mediterranee"
Mollusque,Anomie pelure d'oignon,Anomia ephippium,"atlantique,mediterranee"
Mollusque,anomie simple,Anomia simplex,
Mollusque,Common Elephant Tusk,Antalis entalis,
Mollusque,Antalis inaequicostata,Antalis inaequicostata,mediterranee
Mollusque,Dentale,Antalis vulgaris,"atlantique,mediterranee"
Mollusque,Antiopelle,Antiopella cristata,"atlantique,mediterranee"
Mollusque,Physe élancée,Aplexa hypnorum,atlantique
Mollusque,Pollia rugueux,Aplus coccineus,mediterranee
Mollusque,Buccin de d'Orbigny,Aplus dorbignyi,mediterranee
Mollusque,California seahare,Aplysia californica,
Mollusque,Lièvre de mer ocellé,Aplysia dactylomela,mediterranee
Mollusque,Aplysie visqueuse,Aplysia depilans,"atlantique,mediterranee"
Mollusque,Lièvre noir de mer,Aplysia fasciata,"atlantique,mediterranee"
Mollusque,Aplysie naine,Aplysia parvula,mediterranee
Mollusque,Lièvre de mer moucheté,Aplysia punctata,"atlantique,mediterranee"
Mollusque,Aplysia vaccaria,Aplysia vaccaria,atlantique
Mollusque,Pied de pélican commun,Aporrhais pespelecani,"atlantique,mediterranee"
Mollusque,Arche de Noé,Arca noae,mediterranee
Mollusque,Citron de mer,Archidoris pseudoargus,"atlantique,mediterranee"
Mollusque,Cadran solaire,Architectonica perspectiva,atlantique
Mollusque,Calmar géant,Architeuthis dux,atlantique
Mollusque,Telline épaisse,Arcopagia crassa,atlantique
Mollusque,Cyprine d'Islande,Arctica islandica,atlantique
Mollusque,Moule verte asiatique,Arcuatula senhousia,"atlantique,mediterranee"
Mollusque,Argonaute voilier,Argonauta argo,mediterranee
Mollusque,peigne baie,Argopecten irradians,
Mollusque,Hélice des arbustes,Arianta arbustorum,
Mollusque,Ariolimax buttoni,Ariolimax buttoni,
Mollusque,Pacific banana slug,Ariolimax columbianus,
Mollusque,Slender banana slug,Ariolimax dolichophallus,
Mollusque,Black Arion,Arion ater,
Mollusque,Loche glandue,Arion distinctus,
Mollusque,Loche grise,Arion fasciatus,
Mollusque,Durham slug,Arion flagellus,
Mollusque,Loche rousse,Arion fuscus,
Mollusque,Loche noire,Arion hortensis,
Mollusque,Loche alpine,Arion intermedius,
Mollusque,Grande loche,Arion rufus,
Mollusque,Loche roussâtre,Arion subfuscus,
Mollusque,Limace ibérique,Arion vulgaris,
Mollusque,Planorbine à crêtes,Armiger crista,atlantique
Mollusque,Armine tigrée,Armina tigrina,mediterranee
Mollusque,Seiche à grandes mains,Ascarosepion latimanus,
Mollusque,Common Astarte Clam,Astarte sulcata,
Mollusque,Doris bossue,Atagema gibba,atlantique
Mollusque,Atalodoris oblonga,Atalodoris oblonga,atlantique
Mollusque,Doris de Picton,Atalodoris pictoni,atlantique
Mollusque,Doris blanche et noire,Atalodoris pusilla,atlantique
Mollusque,Nacre d'atlantique,Atrina fragilis,atlantique
Mollusque,New Zealand Cockle,Austrovenus stutchburyi,
Mollusque,Axinulus croulinensis,Axinulus croulinensis,
Mollusque,Azorinus chamasolen,Azorinus chamasolen,mediterranee
Mollusque,Babakine d'Anadon,Babakina anadoni,atlantique
Mollusque,Balée commune,Balea perversa,
Mollusque,Discodoris cinnabre,Baptodoris cinnabarina,mediterranee
Mollusque,Arche barbue,Barbatia barbata,mediterranee
Mollusque,Barleeia unifasciata,Barleeia unifasciata,"atlantique,mediterranee"
Mollusque,Pholade blanche,Barnea candida,"atlantique,mediterranee"
Mollusque,Barnea parva,Barnea parva,atlantique
Mollusque,Planorbe contournée,Bathyomphalus contortus,
Mollusque,Bela nebula,Bela nebula,atlantique
Mollusque,Bela powisiana,Bela powisiana,atlantique
Mollusque,Striped-mouth Conniwink,Bembicium nanum,
Mollusque,Berghia azurée,Berghia coerulescens,"atlantique,mediterranee"
Mollusque,Berghia orangée,Berghia verrucicornis,"atlantique,mediterranee"
Mollusque,Okénia tachetée,Bermudella polycerelloides,mediterranee
Mollusque,Berthelle ocellée,Berthella ocellata,mediterranee
Mollusque,Berthelle perforée,Berthella perforata,mediterranee
Mollusque,Berthelle plume,Berthella plumula,atlantique
Mollusque,Berthelline orange,Berthellina edwardsii,"atlantique,mediterranee"
Mollusque,Bithynie nordique,Bithynia leachii,
Mollusque,Bithynia majorcina,Bithynia majorcina,mediterranee
Mollusque,Bithynie commune,Bithynia tentaculata,"atlantique,mediterranee"
Mollusque,Bittium lactescens,Bittium lactescens,atlantique
Mollusque,Cérithe de Latreille,Bittium latreillii,"atlantique,mediterranee"
Mollusque,Bittium réticulé,Bittium reticulatum,"atlantique,mediterranee"
Mollusque,Limace du Caucase,Boettgerilla pallens,
Mollusque,Murex épineux,Bolinus brandaris,mediterranee
Mollusque,Astrée rugueuse,Bolma rugosa,"atlantique,mediterranee"
Mollusque,Bornia sebetia,Bornia sebetia,mediterranee
Mollusque,Bosellie mimétique,Bosellia mimetica,mediterranee
Mollusque,Bosemprella incarnata,Bosemprella incarnata,"atlantique,mediterranee"
Mollusque,Asian tramp snail,Bradybaena similaris,
Mollusque,Clavagelle ouverte,Bryopa aperta,mediterranee
Mollusque,Buccin commun,Buccinum undatum,"atlantique,mediterranee"
Mollusque,Bulle striée,Bulla striata,mediterranee
Mollusque,Lièvre de mer effiloché,Bursatella leachii,mediterranee
Mollusque,Knobbed Whelk,Busycon carica,
Mollusque,Bythinelle cévenole,Bythinella cebennensis,mediterranee
Mollusque,Bythinelle gourde,Bythinella utriculus,mediterranee
Mollusque,Cabestana cutacea,Cabestana cutacea,atlantique
Mollusque,Cadeline blanche,Cadlina laevis,atlantique
Mollusque,Cadline translucide,Cadlina pellucida,atlantique
Mollusque,Caecum armoricum,Caecum armoricum,atlantique
Mollusque,Caecum glabrum,Caecum glabrum,atlantique
Mollusque,Caecum trachea,Caecum trachea,atlantique
Mollusque,Calliopaea bellula,Calliopaea bellula,"atlantique,mediterranee"
Mollusque,Troque orange,Calliostoma conulus,mediterranee
Mollusque,Calliostoma granulatum,Calliostoma granulatum,"atlantique,mediterranee"
Mollusque,Calliostome de Laugier,Calliostoma laugieri,mediterranee
Mollusque,Calliostome,Calliostoma zizyphinum,"atlantique,mediterranee"
Mollusque,Vernis,Callista chione,"atlantique,mediterranee"
Mollusque,Callochiton doriae,Callochiton doriae,mediterranee
Mollusque,Callochiton,Callochiton septemvalvis,atlantique
Mollusque,Calma blanche,Calma glaucoides,atlantique
Mollusque,Calma gobioophaga,Calma gobioophaga,atlantique
Mollusque,Flabelline de Cavolini,Calmella cavolini,mediterranee
Mollusque,Flabelline de Gadès,Calmella gaditana,atlantique
Mollusque,Faceline à ponctuations noires,Caloria elegans,mediterranee
Mollusque,Faceline de quatrefages,Caloria quatrefagesi,mediterranee
Mollusque,Chapeau chinois,Calyptraea chinensis,"atlantique,mediterranee"
Mollusque,Camachoaglaja africana,Camachoaglaja africana,mediterranee
Mollusque,Hélicette du thym,Candidula unifasciata,
Mollusque,Tritonia rayée,Candiella lineata,atlantique
Mollusque,Tritonia à manchons,Candiella manicata,"atlantique,mediterranee"
Mollusque,Tritonia des gorgones,Candiella odhneri,"atlantique,mediterranee"
Mollusque,Tritonie plébeienne,Candiella plebeia,atlantique
Mollusque,Tritonia striée,Candiella striata,mediterranee
Mollusque,Eolis de Doria,Capellinia doriae,mediterranee
Mollusque,Eolis exigue,Capellinia fustifera,atlantique
Mollusque,Eolis orné,Capellinia vittata,atlantique
Mollusque,Capulus ungaricus,Capulus ungaricus,mediterranee
Mollusque,Cardite petit calice,Cardita calyculata,mediterranee
Mollusque,Cardites antiquatus,Cardites antiquatus,mediterranee
Mollusque,Auriculette naine,Carychium minimum,
Mollusque,Auriculette commune,Carychium tridentatum,"atlantique,mediterranee"
Mollusque,Trinchésie dorée,Catriona aurantia,atlantique
Mollusque,European helicid land snail,Caucasotachea vindobonensis,
Mollusque,Cavoline incurvée,Cavolinia inflexa,mediterranee
Mollusque,Aiguillette commune,Cecilioides acicula,
Mollusque,Variegated limpet,Cellana tramoserica,
Mollusque,Escargot des jardins,Cepaea hortensis,
Mollusque,Escargot des haies,Cepaea nemoralis,
Mollusque,Coque commune,Cerastoderma edule,"atlantique,mediterranee"
Mollusque,Coque glauque,Cerastoderma glaucum,"atlantique,mediterranee"
Mollusque,foliate thorn purpura,Ceratostoma foliatum,
Mollusque,Cerberille de Bernadette,Cerberilla bernadettae,mediterranee
Mollusque,Cerithiopsis tubercularis,Cerithiopsis tubercularis,atlantique
Mollusque,Cérithe hérissé,Cerithium echinatum,
Mollusque,Cerithium lividulum,Cerithium lividulum,mediterranee
Mollusque,Cerithium vulgatum,Cerithium vulgatum,"atlantique,mediterranee"
Mollusque,Caragouille globuleuse,Cernuella virgata,
Mollusque,glistenworm,Chaetoderma nitidulum,
Mollusque,Chama gryphoides,Chama gryphoides,mediterranee
Mollusque,Petite praire,Chamelea gallina,mediterranee
Mollusque,Chamelea striatula,Chamelea striatula,atlantique
Mollusque,Triton,Charonia lampas,"atlantique,mediterranee"
Mollusque,Chauvetia brune,Chauvetia brunnea,"atlantique,mediterranee"
Mollusque,Chauvetia mamelonnée,Chauvetia mamillata,mediterranee
Mollusque,Florida Cross-barred Venus,Chione elevata,
Mollusque,peigne islandais,Chlamys islandica,
Mollusque,Cingule trois faces,Cingula trifasciata,atlantique
Mollusque,Clanculus corallinus,Clanculus corallinus,mediterranee
Mollusque,Clanculus cruciatus,Clanculus cruciatus,mediterranee
Mollusque,Clanculus jussieui,Clanculus jussieui,mediterranee
Mollusque,Clausilie commune,Clausilia bidentata,
Mollusque,Clausilie ridée,Clausilia rugosa,
Mollusque,Clausinelle,Clausinella fasciata,"atlantique,mediterranee"
Mollusque,Nuttall cockle,Clinocardium nuttallii,
Mollusque,Ange des mers,Clione limacina,
Mollusque,Cornet étroit,Cochlicella acuta,
Mollusque,Cornet méditerranéen,Cochlicella barbara,
Mollusque,Brillante commune,Cochlicopa lubrica,
Mollusque,Cochlicopa lubricella,Cochlicopa lubricella,
Mollusque,Fuseau commun,Cochlodina laminata,
Mollusque,Cochlostome du Verdon,Cochlostoma macei,mediterranee
Mollusque,Cochlostome méridional,Cochlostoma patulum,mediterranee
Mollusque,Cochlostoma sardoum,Cochlostoma sardoum,mediterranee
Mollusque,Cochlostome commun,Cochlostoma septemspirale,mediterranee
Mollusque,Cochlostome ligure,Cochlostoma simrothi,mediterranee
Mollusque,Colpodaspis nain,Colpodaspis pusilla,atlantique
Mollusque,Colombelle rustique,Columbella rustica,mediterranee
Mollusque,Columelle obèse,Columella aspera,
Mollusque,Columelle édentée,Columella edentula,
Mollusque,Cône de Méditerranée,Conus ventricosus,mediterranee
Mollusque,Corambe testudinaria,Corambe testudinaria,atlantique
Mollusque,Corbicule striolée,Corbicula fluminalis,mediterranee
Mollusque,Corbicule asiatique,Corbicula fluminea,"atlantique,mediterranee"
Mollusque,Escargot petit-gris,Cornu aspersum,
Mollusque,Coryphelle de Brown,Coryphella browni,atlantique
Mollusque,Eolidien de Skauge,Coryphella chriskaugei,atlantique
Mollusque,Flabelline gracile,Coryphella gracilis,atlantique
Mollusque,Coryphelle argentée,Coryphella lineata,"atlantique,mediterranee"
Mollusque,Giant Rock Scallop,Crassadoma gigantea,
Mollusque,huître creuse américaine,Crassostrea virginica,
Mollusque,Hervia pèlerine,Cratena peregrina,mediterranee
Mollusque,Crépidule,Crepidula fornicata,"atlantique,mediterranee"
Mollusque,Ptéropode aiguille droite,Creseis acicula,mediterranee
Mollusque,Crimora à papilles,Crimora papillata,"atlantique,mediterranee"
Mollusque,Crisilla semistriata,Crisilla semistriata,"atlantique,mediterranee"
Mollusque,Giant Gumboot,Cryptochiton stelleri,
Mollusque,Ctena decussata,Ctena decussata,"atlantique,mediterranee"
Mollusque,Cyerce cristalline,Cyerce cristallina,mediterranee
Mollusque,Cyerce grecque,Cyerce graeca,mediterranee
Mollusque,Cylichna cylindracea,Cylichna cylindracea,atlantique
Mollusque,Papillon de mer,Cymbulia peronii,"atlantique,mediterranee"
Mollusque,Porcelaine tigrée,Cypraea tigris,atlantique
Mollusque,Raphitome à lignes,Cyrillia linearis,"atlantique,mediterranee"
Mollusque,Doris grande fleur,Dendrodoris grandiflora,mediterranee
Mollusque,Doris écarlate,Dendrodoris herytra,atlantique
Mollusque,Doris marbrée,Dendrodoris limbata,"atlantique,mediterranee"
Mollusque,Dendrodoris de Temara,Dendrodoris temarana,mediterranee
Mollusque,Dendronotus keatleyae,Dendronotus keatleyae,atlantique
Mollusque,Branched Dendronotid,Dendronotus venustus,
Mollusque,Petit vermet colonial,Dendropoma cristatum,mediterranee
Mollusque,Loche maltaise,Deroceras invadens,
Mollusque,Loche des marais,Deroceras laeve,
Mollusque,Loche laiteuse,Deroceras reticulatum,
Mollusque,Doris blanc à couronne d'or,Diaphorodoris alba,"atlantique,mediterranee"
Mollusque,Doris diaphane,Diaphorodoris luteocincta,"atlantique,mediterranee"
Mollusque,Doris à papilles rouges,Diaphorodoris papillata,mediterranee
Mollusque,San Diego Dorid,Diaulula sandiegensis,
Mollusque,Dicata,Dicata odhneri,mediterranee
Mollusque,Cart-rut Shell,Dicathais orbita,
Mollusque,Digitaria digitaria,Digitaria digitaria,atlantique
Mollusque,Atlantic Heart Cockle,Dinocardium robustum,
Mollusque,rough keyhole limpet,Diodora aspera,
Mollusque,Diodora gibberula,Diodora gibberula,mediterranee
Mollusque,Fissurelle,Diodora graeca,"atlantique,mediterranee"
Mollusque,White-lined Dirona,Dirona albolineata,
Mollusque,doris orange,Discodoris rosi,atlantique
Mollusque,Discodoris étoilé,Discodoris stellifera,mediterranee
Mollusque,Bouton commun,Discus rotundatus,
Mollusque,Bouton montagnard,Discus ruderatus,
Mollusque,Donacilla cornea,Donacilla cornea,"atlantique,mediterranee"
Mollusque,Donax semistriatus,Donax semistriatus,"atlantique,mediterranee"
Mollusque,Flion tronqué,Donax trunculus,"atlantique,mediterranee"
Mollusque,butterfly shell,Donax variabilis,
Mollusque,Flion aplati,Donax variegatus,"atlantique,mediterranee"
Mollusque,Donax venustus,Donax venustus,"atlantique,mediterranee"
Mollusque,Donace des canards,Donax vittatus,atlantique
Mollusque,Dondice trainitoi,Dondice trainitoi,mediterranee
Mollusque,White-spotted Dorid,Doriopsilla albopunctata,
Mollusque,Doris aréolée,Doriopsilla areolata,atlantique
Mollusque,Dendrodoris farinée,Doriopsilla rarispinosa,mediterranee
Mollusque,Doris à rebord noir,Doriprismatica atromarginata,
Mollusque,Doris adrianae,Doris adrianae,atlantique
Mollusque,Doris berghi,Doris berghi,atlantique
Mollusque,Doris bertheloti,Doris bertheloti,mediterranee
Mollusque,(False) Sea Lemon,Doris montereyensis,
Mollusque,Doris ocellée,Doris ocelligera,"atlantique,mediterranee"
Mollusque,Doris pseudoargus,Doris pseudoargus,atlantique
Mollusque,Doris ponctuée,Doris sticta,atlantique
Mollusque,Doris verruqueuse,Doris verrucosa,"atlantique,mediterranee"
Mollusque,Doryteuthis gahi,Doryteuthis gahi,mediterranee
Mollusque,calmar opale,Doryteuthis opalescens,
Mollusque,Calmar totam,Doryteuthis pealeii,
Mollusque,Calmar de Humboldt,Dosidicus gigas,mediterranee
Mollusque,Dosinie radiée,Dosinia exoleta,"atlantique,mediterranee"
Mollusque,Dosinia lupinus,Dosinia lupinus,"atlantique,mediterranee"
Mollusque,Doto à tête sombre,Doto cervicenigra,mediterranee
Mollusque,Doto couronné,Doto coronata,"atlantique,mediterranee"
Mollusque,Doto cuspidata,Doto cuspidata,atlantique
Mollusque,Doto de l'Eire,Doto eireana,atlantique
Mollusque,Doto fleurie,Doto floridicola,"atlantique,mediterranee"
Mollusque,Doto fragile,Doto fragilis,atlantique
Mollusque,Doto des hydraires palmier,Doto hydrallmaniae,atlantique
Mollusque,Doto de Koennecker,Doto koenneckeri,"atlantique,mediterranee"
Mollusque,Doto de Lemche,Doto lemchei,atlantique
Mollusque,Doto maculata,Doto maculata,atlantique
Mollusque,Doto de Mill Bay,Doto millbayana,atlantique
Mollusque,Doto onusta,Doto onusta,atlantique
Mollusque,Doto de Pauline,Doto paulinae,mediterranee
Mollusque,Doto à picots,Doto pinnatifida,atlantique
Mollusque,Doto tuberculé,Doto tuberculata,atlantique
Mollusque,Moule quagga,Dreissena bugensis,mediterranee
Mollusque,Moule zébrée,Dreissena polymorpha,"atlantique,mediterranee"
Mollusque,Duvaucelia manicata,Duvaucelia manicata,mediterranee
Mollusque,Duvaucelia odhneri,Duvaucelia odhneri,atlantique
Mollusque,Duvaucelia plebeia,Duvaucelia plebeia,atlantique
Mollusque,Duvaucelia striata,Duvaucelia striata,mediterranee
Mollusque,Mitre ébène,Ebenomitra ebenus,mediterranee
Mollusque,Ebenomitra tricolor,Ebenomitra tricolor,mediterranee
Mollusque,Intertidal Zebra Snail,Echinolittorina lineolata,
Mollusque,Echinolittorina punctata,Echinolittorina punctata,mediterranee
Mollusque,Coryphelle mauve,Edmundsella pedata,"atlantique,mediterranee"
Mollusque,Elédone commune,Eledone cirrhosa,"atlantique,mediterranee"
Mollusque,Élédone musquée,Eledone moschata,mediterranee
Mollusque,Eastern Elliptio,Elliptio complanata,
Mollusque,Elysie jaune,Elysia flava,mediterranee
Mollusque,Elysie de Gordana,Elysia gordanae,mediterranee
Mollusque,Elysia margaritae,Elysia margaritae,mediterranee
Mollusque,Elysie timide,Elysia timida,mediterranee
Mollusque,Elysie verte,Elysia viridis,"atlantique,mediterranee"
Mollusque,Emarginule,Emarginula fissura,atlantique
Mollusque,Emarginula octaviana,Emarginula octaviana,mediterranee
Mollusque,Emarginula rosea,Emarginula rosea,atlantique
Mollusque,Emarginula sicula,Emarginula sicula,mediterranee
Mollusque,Emblétonie gracieuse,Embletonia pulchra,atlantique
Mollusque,Bulime montagnard,Ena montana,
Mollusque,Little nut clam,Ennucula tenuis,
Mollusque,Couteau sabre,Ensis ensis,"atlantique,mediterranee"
Mollusque,Couteau américain,Ensis leei,"atlantique,mediterranee"
Mollusque,Couteau arqué,Ensis magnus,atlantique
Mollusque,Petit couteau-silique,Ensis minor,"atlantique,mediterranee"
Mollusque,Couteau commun,Ensis siliqua,atlantique
Mollusque,Pieuvre géante du Pacifique,Enteroctopus dofleini,atlantique
Mollusque,Escargot mourguéta,Eobania vermiculata,
Mollusque,Mitre corniculaire,Episcomitra cornicula,mediterranee
Mollusque,Epitonium clathratulum,Epitonium clathratulum,atlantique
Mollusque,Scalaire,Epitonium clathrus,"atlantique,mediterranee"
Mollusque,Scalaire dorée,Epitonium turtonis,"atlantique,mediterranee"
Mollusque,Erato voluta,Erato voluta,atlantique
Mollusque,Ercolanie bleue,Ercolania coerulea,mediterranee
Mollusque,Ercolania verte,Ercolania viridis,mediterranee
Mollusque,Eubranchus exiguus,Eubranchus exiguus,atlantique
Mollusque,Eolis de verre,Eubranchus tricolor,atlantique
Mollusque,Conule brillant,Euconulus alderi,
Mollusque,Conule des bois,Euconulus fulvus,
Mollusque,Escargot carnivore,Euglandina rosea,
Mollusque,Pisidie robuste,Euglesa casertana,
Mollusque,Pisidie des gardons,Euglesa henslowana,
Mollusque,Pisidie des rives,Euglesa milium,
Mollusque,Pisidie ubique,Euglesa nitida,
Mollusque,Pisidie des sources,Euglesa personata,
Mollusque,Natice porte-chaîne,Euspira catena,"atlantique,mediterranee"
Mollusque,Euspira guilleminii,Euspira guilleminii,mediterranee
Mollusque,Natice de l'Atlantique,Euspira heros,
Mollusque,Euspira macilenta,Euspira macilenta,mediterranee
Mollusque,Montagu's Necklace Shell,Euspira montagui,
Mollusque,Natice brillante,Euspira nitida,"atlantique,mediterranee"
Mollusque,Buccin veiné,Euthria cornea,mediterranee
Mollusque,Telline striée,Fabulina fabula,atlantique
Mollusque,Faceline ponctuée,Facelina annulicornis,"atlantique,mediterranee"
Mollusque,Faceline bleutée,Facelina auriculata,"atlantique,mediterranee"
Mollusque,Faceline de Boston,Facelina bostoniensis,atlantique
Mollusque,Faceline douteuse,Facelina dubia,mediterranee
Mollusque,Faceline à stries rouges,Facelina rubrovittata,mediterranee
Mollusque,Faceline voisine,Facelina vicina,"atlantique,mediterranee"
Mollusque,Faceline de Marion,Facelinopsis marioni,mediterranee
Mollusque,glistenworm,Falcidens crossotus,
Mollusque,Favorinus à trois anneaux,Favorinus blianus,atlantique
Mollusque,Favorinus à bulbes,Favorinus branchialis,"atlantique,mediterranee"
Mollusque,Doris à deux lignes,Felimare bilineata,mediterranee
Mollusque,Doris cantabrique,Felimare cantabrica,atlantique
Mollusque,Doris de Fontandrau,Felimare fontandraui,"atlantique,mediterranee"
Mollusque,Doris céleste,Felimare orsinii,mediterranee
Mollusque,Doris géant,Felimare picta,mediterranee
Mollusque,Doris tricolore,Felimare tricolor,"atlantique,mediterranee"
Mollusque,Doris de Villefranche,Felimare villafranca,mediterranee
Mollusque,Doris de Brito,Felimida binza,mediterranee
Mollusque,Felimida krohni,Felimida krohni,atlantique
Mollusque,Doris tacheté mauve,Felimida luteorosea,"atlantique,mediterranee"
Mollusque,Patelline fragile,Ferrissia californica,atlantique
Mollusque,Fissurella nubecula,Fissurella nubecula,mediterranee
Mollusque,Planhydrobie de la Durance,Fissuria boui,mediterranee
Mollusque,Flabelline mauve,Flabellina affinis,"atlantique,mediterranee"
Mollusque,Spanish Shawl,Flabellinopsis iodinea,
Mollusque,Flexopecten flexuosus,Flexopecten flexuosus,mediterranee
Mollusque,Pétoncle glabre,Flexopecten glaber,mediterranee
Mollusque,Pétoncle hyalin,Flexopecten hyalinus,mediterranee
Mollusque,Hélice cerise,Fruticicola fruticum,
Mollusque,Limnée épaulée,Galba truncatula,"atlantique,mediterranee"
Mollusque,Galeodea echinophora,Galeodea echinophora,mediterranee
Mollusque,Galeodea rugosa,Galeodea rugosa,mediterranee
Mollusque,Doris orange,Gargamella rosi,atlantique
Mollusque,Psammobie déprimée,Gari depressa,"atlantique,mediterranee"
Mollusque,Gari fervensis,Gari fervensis,"atlantique,mediterranee"
Mollusque,Gari tellinella,Gari tellinella,atlantique
Mollusque,Gastrana fragilis,Gastrana fragilis,"atlantique,mediterranee"
Mollusque,Petit gastéropode,Gastropoda (indéterminé),mediterranee
Mollusque,Geitodoris étoilé,Geitodoris planata,"atlantique,mediterranee"
Mollusque,Geitodoris portmanni,Geitodoris portmanni,mediterranee
Mollusque,grand moule striée,Geukensia demissa,
Mollusque,Gibberula miliaria,Gibberula miliaria,mediterranee
Mollusque,Gibberula philippii,Gibberula philippii,mediterranee
Mollusque,Gibbula ardens,Gibbula ardens,mediterranee
Mollusque,Gibbula fanulum,Gibbula fanulum,mediterranee
Mollusque,Gibbule mage,Gibbula magus,"atlantique,mediterranee"
Mollusque,Gibbula philberti,Gibbula philberti,mediterranee
Mollusque,Gibbula turbinoides,Gibbula turbinoides,mediterranee
Mollusque,Glans trapezia,Glans trapezia,mediterranee
Mollusque,Dragon bleu pélagique,Glaucus atlanticus,atlantique
Mollusque,Glycymeris bimaculata,Glycymeris bimaculata,mediterranee
Mollusque,Amande de mer,Glycymeris glycymeris,"atlantique,mediterranee"
Mollusque,Amande de mer violacée,Glycymeris nummaria,"atlantique,mediterranee"
Mollusque,Godive à quatre couleurs,Godiva quadricolor,mediterranee
Mollusque,Okénie de Pico,Goniodoridella picoensis,mediterranee
Mollusque,Goodallia triangularis,Goodallia triangularis,atlantique
Mollusque,Gouldia minima,Gouldia minima,"atlantique,mediterranee"
Mollusque,Alzonielle de Haute-Provence,Graziana provincialis,mediterranee
Mollusque,Gregariella petagnae,Gregariella petagnae,mediterranee
Mollusque,Planorbine corne-de-bélier,Gyraulus acronicus,
Mollusque,Planorbine poilue,Gyraulus albus,
Mollusque,Gyroscala commutata,Gyroscala commutata,mediterranee
Mollusque,Haedropleura septangularis,Haedropleura septangularis,atlantique
Mollusque,pink abalone,Haliotis corrugata,
Mollusque,green abalone,Haliotis fulgens,
Mollusque,ormeau nordique,Haliotis kamtschatkana,
Mollusque,ormeau à lèvres noires,Haliotis rubra,
Mollusque,Ormeau du Pacifique,Haliotis rufescens,
Mollusque,Ormeau européen,Haliotis tuberculata,"atlantique,mediterranee"
Mollusque,flat abalone,Haliotis walallensis,
Mollusque,Haminoé japonaise,Haloa japonica,"atlantique,mediterranee"
Mollusque,Petite bulle,Haminoea exigua,mediterranee
Mollusque,Haminoea hydatis,Haminoea hydatis,mediterranee
Mollusque,Limace petit-bateau,Haminoea navicula,"atlantique,mediterranee"
Mollusque,Haminoea orbignyana,Haminoea orbignyana,mediterranee
Mollusque,Haminoea orteai,Haminoea orteai,mediterranee
Mollusque,Hancockia à crochets,Hancockia uncinata,"atlantique,mediterranee"
Mollusque,"Hélicelle trompette, Hélicelle des bruyères, le grand-ruban",Helicella itala,
Mollusque,Soucoupe commune,Helicigona lapicida,
Mollusque,Helicina orbiculata,Helicina orbiculata,
Mollusque,Veloutée plane,Helicodonta obvoluta,
Mollusque,Escargot turc,Helix lucorum,
Mollusque,Escargot de Bourgogne,Helix pomatia,
Mollusque,Hermès bifide,Hermaea bifida,"atlantique,mediterranee"
Mollusque,Hermaea cantabra,Hermaea cantabra,atlantique
Mollusque,Hermès arlequin,Hermaea variopicta,"atlantique,mediterranee"
Mollusque,Horned Nudibranch,Hermissenda crassicornis,
Mollusque,Opalescent Nudibranch,Hermissenda opalescens,
Mollusque,Gale-de-mer atlantique,Heteranomia squamula,atlantique
Mollusque,Rocher fascié,Hexaplex trunculus,"atlantique,mediterranee"
Mollusque,Hiatelle ridée,Hiatella arctica,"atlantique,mediterranee"
Mollusque,Hiatella rugosa,Hiatella rugosa,atlantique
Mollusque,Planorbe aplatie,Hippeutis complanatus,
Mollusque,Homalopoma sanguineum,Homalopoma sanguineum,mediterranee
Mollusque,Hélice carénée,Hygromia cinctella,
Mollusque,Doris à crochets déprimée,Idaliadoris depressa,"atlantique,mediterranee"
Mollusque,Doris à crochets de Naples,Idaliadoris neapolitana,mediterranee
Mollusque,Encornet rouge argentin,Illex argentinus,
Mollusque,Encornet rouge,Illex coindetii,mediterranee
Mollusque,encornet rouge nordique,Illex illecebrosus,
Mollusque,Irus irus,Irus irus,"atlantique,mediterranee"
Mollusque,Mitre brune,Isara cornea,mediterranee
Mollusque,Chiton de Risso,Ischnochiton rissoi,mediterranee
Mollusque,Globhydrobie de Pissotte,Islamia bourguignati,atlantique
Mollusque,Hélice grimace,Isognomostoma isognomostomos,
Mollusque,Ividella excavata,Ividella excavata,atlantique
Mollusque,Janolus transparente,Janolus hyalinus,"atlantique,mediterranee"
Mollusque,Janthine commune,Janthina janthina,atlantique
Mollusque,Janthine pâle,Janthina pallida,"atlantique,mediterranee"
Mollusque,Jorunna blanche,Jorunna tomentosa,"atlantique,mediterranee"
Mollusque,Jujubinus baudoni,Jujubinus baudoni,mediterranee
Mollusque,Jujubinus depictus,Jujubinus depictus,mediterranee
Mollusque,Troque pygmée,Jujubinus exasperatus,"atlantique,mediterranee"
Mollusque,Jujubinus gofasi,Jujubinus gofasi,atlantique
Mollusque,Troque jujube striée,Jujubinus striatus,atlantique
Mollusque,Jujubinus vulgaris,Jujubinus vulgaris,mediterranee
Mollusque,Black Chiton,Katharina tunicata,
Mollusque,Kellet's Whelk,Kelletia kelletii,
Mollusque,Kellia suborbicularis,Kellia suborbicularis,atlantique
Mollusque,Kelliella miliaris,Kelliella miliaris,
Mollusque,Petit doris orange,Knoutsodonta neapolitana,mediterranee
Mollusque,Kurtiella bidentata,Kurtiella bidentata,atlantique
Mollusque,Lacuna pallidula,Lacuna pallidula,atlantique
Mollusque,Lacuna parva,Lacuna parva,atlantique
Mollusque,Littorine du Nord,Lacuna vincta,atlantique
Mollusque,Bucarde de Norvège,Laevicardium crassum,"atlantique,mediterranee"
Mollusque,Laevicardium oblongum,Laevicardium oblongum,mediterranee
Mollusque,Lajonkairia lajonkairii,Lajonkairia lajonkairii,mediterranee
Mollusque,Lamellaire discrète,Lamellaria latens,atlantique
Mollusque,Haminoée ovale,Lamprohaminoea ovalis,mediterranee
Mollusque,fatmucket,Lampsilis siliquoidea,
Mollusque,Laona pruinosa,Laona pruinosa,atlantique
Mollusque,Lasaea adansoni,Lasaea adansoni,atlantique
Mollusque,Lasaea rubra,Lasaea rubra,atlantique
Mollusque,Maillot commun,Lauria cylindracea,
Mollusque,Limace des bois,Lehmannia marginata,
Mollusque,Lembulus pella,Lembulus pella,mediterranee
Mollusque,Lepidochitona (Lepidochitona) caprearum,Lepidochitona caprearum,mediterranee
Mollusque,Chiton cendré,Lepidochitona cinerea,"atlantique,mediterranee"
Mollusque,Lepidochitona (Lepidochitona) furtiva,Lepidochitona furtiva,mediterranee
Mollusque,Chiton écailleux,Lepidopleurus cajetanus,"atlantique,mediterranee"
Mollusque,Leptochiton algesirensis,Leptochiton algesirensis,atlantique
Mollusque,Leptochiton,Leptochiton asellus,atlantique
Mollusque,Leptochiton cancellatus,Leptochiton cancellatus,atlantique
Mollusque,Leptochiton scabridus,Leptochiton scabridus,atlantique
Mollusque,Ellobie blanche,Leucophytia bidentata,atlantique
Mollusque,Lime écailleuse,Lima lima,mediterranee
Mollusque,Limacia digitée,Limacia clavigera,"atlantique,mediterranee"
Mollusque,Limacia d'Inès,Limacia inesae,mediterranee
Mollusque,Hélicine,Limacina helicina,
Mollusque,Grosse limace jaune,Limacus flavus,
Mollusque,Green Cellar Slug,Limacus maculatus,
Mollusque,Limapontia depressa,Limapontia depressa,atlantique
Mollusque,Limapontia senestra,Limapontia senestra,atlantique
Mollusque,Lime bâillante,Limaria hians,"atlantique,mediterranee"
Mollusque,Lime tuberculée,Limaria tuberculata,mediterranee
Mollusque,Grande limace,Limax cinereoniger,
Mollusque,Limace léopard,Limax maximus,
Mollusque,Limenandre noueuse,Limenandra nodosa,mediterranee
Mollusque,Achatine,Lissachatina fulica,
Mollusque,Datte de mer,Lithophaga lithophaga,mediterranee
Mollusque,Littorina compressa,Littorina compressa,atlantique
Mollusque,Littorina fabalis,Littorina fabalis,atlantique
Mollusque,Bigorneau,Littorina littorea,atlantique
Mollusque,Littorine obtuse,Littorina obtusata,atlantique
Mollusque,Littorine des rochers,Littorina saxatilis,atlantique
Mollusque,Loligo forbesii,Loligo forbesii,atlantique
Mollusque,Encornet,Loligo vulgaris,"atlantique,mediterranee"
Mollusque,Calmar doigtier commun,Lolliguncula brevis,
Mollusque,Lomanotus frangée,Lomanotus genei,atlantique
Mollusque,Lomanotus marbré,Lomanotus marmoratus,atlantique
Mollusque,Lucine lactée,Loripes orbiculatus,"atlantique,mediterranee"
Mollusque,patelle géante,Lottia gigantea,
Mollusque,Lottia subrugosa,Lottia subrugosa,
Mollusque,Lucinella divaricata,Lucinella divaricata,"atlantique,mediterranee"
Mollusque,Lucinoma borealis,Lucinoma borealis,atlantique
Mollusque,Flabelline blanche,Luisella babai,mediterranee
Mollusque,arche ovale,Lunarca ovalis,
Mollusque,Lunella undulata,Lunella undulata,
Mollusque,Porcelaine livide,Luria lurida,mediterranee
Mollusque,Lutraire étroite,Lutraria angustior,atlantique
Mollusque,Lutraire elliptique,Lutraria lutraria,"atlantique,mediterranee"
Mollusque,Grande lutraire,Lutraria magna,"atlantique,mediterranee"
Mollusque,Lutraria oblonga,Lutraria oblonga,"atlantique,mediterranee"
Mollusque,Grande limnée,Lymnaea stagnalis,"atlantique,mediterranee"
Mollusque,Telline de la Baltique,Macoma balthica,atlantique
Mollusque,Telline-papillon,Macomangulus tenuis,"atlantique,mediterranee"
Mollusque,Macomopsis cumana,Macomopsis cumana,mediterranee
Mollusque,Macroctopus maorum,Macroctopus maorum,atlantique
Mollusque,Macrogastra attenuata,Macrogastra attenuata,
Mollusque,Massue costulée,Macrogastra plicatula,
Mollusque,Mactre lactée,Mactra corallina,mediterranee
Mollusque,Mactre fauve,Mactra glauca,"atlantique,mediterranee"
Mollusque,Mactre coralline,Mactra stultorum,"atlantique,mediterranee"
Mollusque,Escargot des forêts,Macularia sylvatica,
Mollusque,Magallana angulata,Magallana angulata,atlantique
Mollusque,Huître creuse du Pacifique,Magallana gigas,"atlantique,mediterranee"
Mollusque,Limace jaune,Malacolimax tenellus,
Mollusque,Mangelia costata,Mangelia costata,atlantique
Mollusque,Peigne patte de chat,Manupecten pesfelis,mediterranee
Mollusque,Manzonia crassa,Manzonia crassa,"atlantique,mediterranee"
Mollusque,Maoricolpus roseus,Maoricolpus roseus,
Mollusque,Eastern Pearlshell,Margaritifera margaritifera,
Mollusque,Vivipare chinoise,Margarya chinensis,atlantique
Mollusque,Marionia,Marionia blainvillea,"atlantique,mediterranee"
Mollusque,Lamellaire transparente,Marsenia perspicua,"atlantique,mediterranee"
Mollusque,Megastomia conspicua,Megastomia conspicua,atlantique
Mollusque,wavy turban,Megastraea undosa,
Mollusque,Great Keyhole Limpet,Megathura crenulata,
Mollusque,Mélanelle blanche,Melanella alba,atlantique
Mollusque,Philinopsis de Miquel,Melanochlamys miqueli,mediterranee
Mollusque,Melanochlamys wildpretii,Melanochlamys wildpretii,mediterranee
Mollusque,Mélanie tropicale,Melanoides tuberculata,atlantique
Mollusque,Melanopsis tricarinata,Melanopsis tricarinata,mediterranee
Mollusque,Littorine noire,Melarhaphe neritoides,"atlantique,mediterranee"
Mollusque,Rusty Axinopsid,Mendicula ferruginosa,
Mollusque,Planorbine américaine,Menetus dilatatus,atlantique
Mollusque,Palourde américaine,Mercenaria mercenaria,atlantique
Mollusque,Bulime boueux,Merdigera obscura,
Mollusque,Meretrix lyrata,Meretrix lyrata,mediterranee
Mollusque,Pseudolimace jayet,Milax gagates,
Mollusque,Pétoncle noir,Mimachlamys varia,"atlantique,mediterranee"
Mollusque,Mitrelle écrite,Mitrella scripta,mediterranee
Mollusque,Bean Horse-mussel,Modiolula phaseolina,
Mollusque,Modiolus adriaticus,Modiolus adriaticus,atlantique
Mollusque,Modiole barbue,Modiolus barbatus,"atlantique,mediterranee"
Mollusque,Modiole,Modiolus modiolus,atlantique
Mollusque,Moerella donacina,Moerella donacina,"atlantique,mediterranee"
Mollusque,Telline rayonnée,Moerella pulchella,mediterranee
Mollusque,Petite moitessierie,Moitessieria locardi,mediterranee
Mollusque,Moine globuleux,Monacha cantiana,
Mollusque,Petit moine,Monacha cartusiana,
Mollusque,Moine des bois,Monachoides incarnatus,
Mollusque,Pacific sideband,Monadenia fidelis,
Mollusque,Porcelaine-monnaie,Monetaria moneta,atlantique
Mollusque,Monophorus perversus,Monophorus perversus,mediterranee
Mollusque,Triton ridé,Monoplex corrugatus,mediterranee
Mollusque,Triton de Naples,Monoplex parthenopeus,mediterranee
Mollusque,mossy chiton,Mopalia muscosa,
Mollusque,Cornet commun,Moroteuthopsis ingens,
Mollusque,Murex à crêtes,Muricopsis cristata,mediterranee
Mollusque,Cyclade de vase,Musculium lacustre,atlantique
Mollusque,Musculus costulatus,Musculus costulatus,"atlantique,mediterranee"
Mollusque,Moule jaune arctique,Musculus discors,atlantique
Mollusque,Musculus subpictus,Musculus subpictus,"atlantique,mediterranee"
Mollusque,Mye commune,Mya arenaria,"atlantique,mediterranee"
Mollusque,Mye tronquée,Mya truncata,atlantique
Mollusque,Grande ellobie,Myosotella myosotis,"atlantique,mediterranee"
Mollusque,Spiny Myrtea,Myrtea spinifera,
Mollusque,Mysia undata,Mysia undata,mediterranee
Mollusque,Moule de Marion,Mytilaster marioni,mediterranee
Mollusque,Mytilaster solisianus,Mytilaster solisianus,
Mollusque,Dreissène gris cendré,Mytilopsis leucophaeata,atlantique
Mollusque,moule californienne,Mytilus californianus,
Mollusque,Moule commune,Mytilus edulis,"atlantique,mediterranee"
Mollusque,Moule de Méditerranée,Mytilus galloprovincialis,"atlantique,mediterranee"
Mollusque,Northern blue mussel,Mytilus trossulus,
Mollusque,Porcelaine souillée,Naria spurca,mediterranee
Mollusque,Natice hébraïque,Naticarius hebraeus,mediterranee
Mollusque,Natice mouchetée,Naticarius stercusmuscarum,mediterranee
Mollusque,Nautile flammé,Nautilus pompilius,"atlantique,mediterranee"
Mollusque,California aglaja,Navanax inermis,
Mollusque,Godive de Banyuls,Nemesignis banyulensis,"atlantique,mediterranee"
Mollusque,Chestnut Cowry,Neobernaya spadicea,
Mollusque,œil de requin,Neverita duplicata,
Mollusque,Natice Joséphine,Neverita josephinia,mediterranee
Mollusque,Lewis' moonsnail,Neverita lewisii,
Mollusque,Natice fasciée,Notocochlis dillwynii,mediterranee
Mollusque,encornet minami,Nototodarus sloanii,
Mollusque,Wrinkled Purple Whelk,Nucella lamellosa,
Mollusque,Pourpre petite pierre,Nucella lapillus,atlantique
Mollusque,Ribbed Dogwinkle,Nucella ostrina,
Mollusque,Nucula nitidosa,Nucula nitidosa,atlantique
Mollusque,Nucula nucleus,Nucula nucleus,atlantique
Mollusque,Ponte de nudibranche,Nudibranchia (ponte),mediterranee
Mollusque,Eolis exigüe,Nudibranchus exiguus,atlantique
Mollusque,Eolis brillante,Nudibranchus scintillans,"atlantique,mediterranee"
Mollusque,California Nuttall chiton,Nuttallina californica,
Mollusque,Obscurella asturica,Obscurella asturica,atlantique
Mollusque,Obscurella bicostulata,Obscurella bicostulata,atlantique
Mollusque,Cochlostome cantabrique,Obscurella hidalgoi,atlantique
Mollusque,Cochlostome cendré,Obscurella martorelli,mediterranee
Mollusque,Cochlostome des Pyrénées,Obscurella nouleti,mediterranee
Mollusque,Cochlostome montagnard,Obscurella obscura,"atlantique,mediterranee"
Mollusque,Obscurella oscitans,Obscurella oscitans,atlantique
Mollusque,Ocenebra edwardsii,Ocenebra edwardsii,"atlantique,mediterranee"
Mollusque,Cormaillot,Ocenebra erinaceus,"atlantique,mediterranee"
Mollusque,Bigorneau perceur japonais,Ocinebrellus inornatus,atlantique
Mollusque,Rocher aciculé,Ocinebrina aciculata,atlantique
Mollusque,Sydney octopus,Octopus tetricus,
Mollusque,Poulpe commun,Octopus vulgaris,"atlantique,mediterranee"
Mollusque,Okenia aspergée,Okenia aspersa,atlantique
Mollusque,Okénia élégante,Okenia elegans,atlantique
Mollusque,Okenia de Méditerranée,Okenia mediterranea,atlantique
Mollusque,Goniodoris blanc,Okenia nodosa,atlantique
Mollusque,Okénie jolie,Okenia pulchella,mediterranee
Mollusque,Omalogyra atomus,Omalogyra atomus,atlantique
Mollusque,Limnée étroite,Omphiscola glabra,atlantique
Mollusque,Thalassolimace de Cuvier,Onchidella celtica,atlantique
Mollusque,Doris rugueux,Onchidoris bilamellata,atlantique
Mollusque,Nudibranche cornu blanc,Onchidoris muricata,atlantique
Mollusque,Cingula pointue,Onoba aculeus,atlantique
Mollusque,Onoba semicostata,Onoba semicostata,atlantique
Mollusque,Opalia crenata,Opalia crenata,atlantique
Mollusque,Angasi oyster,Ostrea angasi,
Mollusque,Huître plate,Ostrea edulis,"atlantique,mediterranee"
Mollusque,huître plate yaquina,Ostrea lurida,
Mollusque,Milk snail,Otala lactea,
Mollusque,Petite-oreille littorale,Otina ovata,atlantique
Mollusque,Ovatella aequalis,Ovatella aequalis,atlantique
Mollusque,Ellobie méditerranéenne,Ovatella firminii,mediterranee
Mollusque,Luisant aillé,Oxychilus alliarius,
Mollusque,Luisant des caves,Oxychilus cellarius,
Mollusque,Grand luisant,Oxychilus draparnaudi,
Mollusque,Luisant des Pyrénées,Oxychilus navarricus,
Mollusque,Ambrette élégante,Oxyloma elegans,
Mollusque,Palio croisé,Palio nothus,atlantique
Mollusque,Sentinelle des rochers,Paludinella globularis,atlantique
Mollusque,Pandora albida,Pandora albida,atlantique
Mollusque,Pandore inéquivalve,Pandora inaequivalvis,mediterranee
Mollusque,Pacific geoduck,Panopea generosa,
Mollusque,Papillicardium minimum,Papillicardium minimum,
Mollusque,Papillicardium papillosum,Papillicardium papillosum,"atlantique,mediterranee"
Mollusque,Doris disgracieuse,Paradoris indecora,mediterranee
Mollusque,Faceline de la Gabinière,Paraflabellina gabinierei,mediterranee
Mollusque,Flabelline d'Ischia,Paraflabellina ischitana,mediterranee
Mollusque,Equal Cleftclam,Parathyasira equalis,
Mollusque,Parvicardium exiguum,Parvicardium exiguum,"atlantique,mediterranee"
Mollusque,Oval Cockle,Parvicardium pinnulatum,
Mollusque,Parvicardium scabrum,Parvicardium scabrum,atlantique
Mollusque,Parvicardium scriptum,Parvicardium scriptum,mediterranee
Mollusque,Patelle bleue,Patella caerulea,"atlantique,mediterranee"
Mollusque,Patelle intermédiaire,Patella depressa,atlantique
Mollusque,Patelle ferrugineuse,Patella ferruginea,mediterranee
Mollusque,Helcion,Patella pellucida,atlantique
Mollusque,Patelle rustique,Patella rustica,"atlantique,mediterranee"
Mollusque,Patelle rude,Patella ulyssiponensis,"atlantique,mediterranee"
Mollusque,Patelle commune,Patella vulgata,atlantique
Mollusque,Payraudeautia intricata,Payraudeautia intricata,mediterranee
Mollusque,Coquille Saint-Jacques de Méditérranée,Pecten jacobaeus,"atlantique,mediterranee"
Mollusque,Coquille Saint-Jacques de l'Atlantique,Pecten maximus,atlantique
Mollusque,pecten de Nouvelle-Zélande,Pecten novaezelandiae,
Mollusque,Goniodoris châtaigne,Pelagella castanea,"atlantique,mediterranee"
Mollusque,Doris dalmatien (vache de mer),Peltodoris atromaculata,"atlantique,mediterranee"
Mollusque,Noble Dorid,Peltodoris nobilis,
Mollusque,Limnée radis,Peregriana labiata,
Mollusque,Limnée voyageuse,Peregriana peregra,mediterranee
Mollusque,Hydrobie saumâtre,Peringia ulvae,atlantique
Mollusque,Telline aplatie,Peronaea planata,mediterranee
Mollusque,Peronidia albicans,Peronidia albicans,mediterranee
Mollusque,Luisantine striée,Perpolita hammonis,
Mollusque,Pétalifère,Petalifera petalifera,mediterranee
Mollusque,Pétricole lithophage,Petricola lithophaga,"atlantique,mediterranee"
Mollusque,Fausse pholade,Petricolaria pholadiformis,atlantique
Mollusque,Cératisole-gousse,Pharus legumen,"atlantique,mediterranee"
Mollusque,Transparent Razor,Phaxas pellucidus,
Mollusque,Eolidien de Souss-Massa,Phetia soussi,"atlantique,mediterranee"
Mollusque,Hilton's Aeolid,Phidiana hiltoni,
Mollusque,Philine angasi,Philine angasi,atlantique
Mollusque,Philine catena,Philine catena,mediterranee
Mollusque,Philine punctata,Philine punctata,atlantique
Mollusque,Philine quadrilobée,Philine quadripartita,"atlantique,mediterranee"
Mollusque,Aglaja charnue,Philinopsis depicta,mediterranee
Mollusque,Pholade,Pholas dactylus,"atlantique,mediterranee"
Mollusque,Monodonte articulé,Phorcus articulatus,mediterranee
Mollusque,Monodonte,Phorcus lineatus,atlantique
Mollusque,Phorcus mutabilis,Phorcus mutabilis,mediterranee
Mollusque,Phorcus richardi,Phorcus richardi,mediterranee
Mollusque,Phorcus sauciatus,Phorcus sauciatus,atlantique
Mollusque,Gibbule commune,Phorcus turbinatus,mediterranee
Mollusque,Phyllaplysia lafonti,Phyllaplysia lafonti,mediterranee
Mollusque,Phyllis à ponctuations blanches,Phyllidia flava,mediterranee
Mollusque,Physe bulle,Physa fontinalis,atlantique
Mollusque,Physe voyageuse,Physella acuta,"atlantique,mediterranee"
Mollusque,Huître perlière rayée,Pinctada radiata,mediterranee
Mollusque,Pinna dolabrata,Pinna dolabrata,
Mollusque,Grande nacre,Pinna nobilis,mediterranee
Mollusque,Nacre épineuse,Pinna rudis,mediterranee
Mollusque,Poulpe tacheté,Pinnoctopus macropus,mediterranee
Mollusque,Pisania striata,Pisania striata,mediterranee
Mollusque,Pisidie de vase,Pisidium amnicum,
Mollusque,Short-ended Pea Mussel,Pisidium subtruncatum,
Mollusque,Pitar rudis,Pitar rudis,mediterranee
Mollusque,Limace pomme de pin,Placida cremoniana,mediterranee
Mollusque,Placida dendritica,Placida dendritica,"atlantique,mediterranee"
Mollusque,Limace de Tardy,Placida tardyi,mediterranee
Mollusque,Placida verticilata,Placida verticilata,mediterranee
Mollusque,Pétoncle géant,Placopecten magellanicus,
Mollusque,Planorbe des étangs,Planorbarius corneus,"atlantique,mediterranee"
Mollusque,Planorbe de Floride,Planorbella duryi,mediterranee
Mollusque,Planorbe carénée,Planorbis carinatus,
Mollusque,Planorbe commune,Planorbis planorbis,atlantique
Mollusque,Doris argo,Platydoris argo,mediterranee
Mollusque,Aiguillette de Bayonne,Platyla cryptomena,atlantique
Mollusque,Aiguillette de Dupuy,Platyla dupuyi,mediterranee
Mollusque,Berthelle étoilée,Pleurehdera stellata,"atlantique,mediterranee"
Mollusque,Pleurobranchaea britannica,Pleurobranchaea britannica,atlantique
Mollusque,Pleurobranche de Meckel,Pleurobranchaea meckeli,mediterranee
Mollusque,Pleurobranche membraneux,Pleurobranchus membranaceus,"atlantique,mediterranee"
Mollusque,Pleurobranche-tortue,Pleurobranchus testudinarius,mediterranee
Mollusque,Pododesmus patelliformis,Pododesmus patelliformis,atlantique
Mollusque,Palourde jaune,Polititapes aureus,"atlantique,mediterranee"
Mollusque,Palourde rose,Polititapes rhomboides,atlantique
Mollusque,Polycère des Féroé,Polycera faeroensis,atlantique
Mollusque,Polycère de Hedgpeth,Polycera hedgpethi,mediterranee
Mollusque,Polycère de Cornouailles,Polycera kernowensis,atlantique
Mollusque,Polycéra norvégien,Polycera norvegica,atlantique
Mollusque,Polycère à quatre lignes,Polycera quadrilineata,"atlantique,mediterranee"
Mollusque,Polycère d'Emerton,Polycerella emertoni,mediterranee
Mollusque,Polymesoda fortis,Polymesoda fortis,
Mollusque,Pomacea maculata,Pomacea maculata,mediterranee
Mollusque,Élégante striée,Pomatias elegans,"atlantique,mediterranee"
Mollusque,Red Turban,Pomaulax gibberosus,
Mollusque,Hydrobie des antipodes,Potamopyrgus antipodarum,"atlantique,mediterranee"
Mollusque,Mulette des rivières,Potomida littoralis,atlantique
Mollusque,Propebela rufa,Propebela rufa,atlantique
Mollusque,Facéline de Pruvot-Fol,Pruvotfolia pselliotes,atlantique
Mollusque,Pseudamnicola artanensis,Pseudamnicola artanensis,mediterranee
Mollusque,Pseudamnicola beckmanni,Pseudamnicola beckmanni,mediterranee
Mollusque,Pseudantalis rubescens,Pseudantalis rubescens,mediterranee
Mollusque,Pseudochama gryphina,Pseudochama gryphina,mediterranee
Mollusque,Pseudofusus pulchellus,Pseudofusus pulchellus,mediterranee
Mollusque,Pseudofusus rostratus,Pseudofusus rostratus,atlantique
Mollusque,Pseudomangelia vauquelini,Pseudomangelia vauquelini,mediterranee
Mollusque,Ellobie de Biscaye,Pseudomelampus exiguus,atlantique
Mollusque,Pseudopythina macandrewi,Pseudopythina macandrewi,atlantique
Mollusque,Avicule hirondelle,Pteria hirundo,"atlantique,mediterranee"
Mollusque,Escargotin minuscule,Punctum pygmaeum,
Mollusque,Maillot des mousses,Pupilla muscorum,
Mollusque,Pusillina à lignes,Pusillina lineolata,mediterranee
Mollusque,Pusillina philippi,Pusillina philippi,mediterranee
Mollusque,Common Floater Mussel,Pyganodon grandis,
Mollusque,Pyramidule commun,Pyramidula pusilla,
Mollusque,Limnée conque,Radix auricularia,"atlantique,mediterranee"
Mollusque,Rangia d'Atlantique,Rangia cuneata,atlantique
Mollusque,Rapana veiné,Rapana venosa,"atlantique,mediterranee"
Mollusque,Raphitome hérissée,Raphitoma horrida,mediterranee
Mollusque,Raphitoma oblonga,Raphitoma oblonga,atlantique
Mollusque,Raphitoma purpurea,Raphitoma purpurea,atlantique
Mollusque,Aiguillette de Grasse,Renea moutonii,mediterranee
Mollusque,Aiguillette du Paillon,Renea paillona,mediterranee
Mollusque,Tournelle arctique,Retusa obtusa,atlantique
Mollusque,Retusa truncatula,Retusa truncatula,atlantique
Mollusque,Tournelle atlantique,Retusa umbilicata,mediterranee
Mollusque,Rhombosepion elegans,Rhombosepion elegans,mediterranee
Mollusque,Seiche rosée,Rhombosepion orbignyanum,"atlantique,mediterranee"
Mollusque,Chiton corallin,Rhyssoplax corallina,mediterranee
Mollusque,Chiton vert,Rhyssoplax olivacea,mediterranee
Mollusque,Rissoa auriscalpium,Rissoa auriscalpium,mediterranee
Mollusque,Rissoa decorata,Rissoa decorata,mediterranee
Mollusque,Rissoa guerinii,Rissoa guerinii,"atlantique,mediterranee"
Mollusque,Rissoa lilacina,Rissoa lilacina,atlantique
Mollusque,Rissoa membranacea,Rissoa membranacea,"atlantique,mediterranee"
Mollusque,Rissoa monodonta,Rissoa monodonta,mediterranee
Mollusque,Petit Risso,Rissoa parva,atlantique
Mollusque,Rissoa similis,Rissoa similis,mediterranee
Mollusque,Rissoa variabilis,Rissoa variabilis,mediterranee
Mollusque,Rissoa ventricosa,Rissoa ventricosa,mediterranee
Mollusque,Rissoa violacea,Rissoa violacea,mediterranee
Mollusque,Rissoina bruguieri,Rissoina bruguieri,mediterranee
Mollusque,Mye perce-pierre,Rocellaria dubia,"atlantique,mediterranee"
Mollusque,Rochia nilotica,Rochia nilotica,
Mollusque,North Pacific bobtail squid,Rossia pacifica,
Mollusque,Red Sponge Dorid,Rostanga pulchra,
Mollusque,Doris rouge,Rostanga rubra,atlantique
Mollusque,Eolis à anneaux bruns,Rubramoena amoena,atlantique
Mollusque,Rubramoena rubescens,Rubramoena rubescens,atlantique
Mollusque,Palourde commune,Ruditapes decussatus,"atlantique,mediterranee"
Mollusque,Palourde japonaise,Ruditapes philippinarum,"atlantique,mediterranee"
Mollusque,Doris de Krohn,Rudmania krohni,"atlantique,mediterranee"
Mollusque,Doris rose,Rudmania purpurea,"atlantique,mediterranee"
Mollusque,Bulime tronqué,Rumina decollata,
Mollusque,Runcina adriatica,Runcina adriatica,mediterranee
Mollusque,Runcina africana,Runcina africana,mediterranee
Mollusque,Limace-rabot couronnée,Runcina coronata,atlantique
Mollusque,Runcina ferruginea,Runcina ferruginea,atlantique
Mollusque,Bulle-oublie,Scaphander lignarius,"atlantique,mediterranee"
Mollusque,Scrobiculaire,Scrobicularia plana,"atlantique,mediterranee"
Mollusque,bellylined glistenworm,Scutopus ventrolineatus,
Mollusque,Semicassis saburon,Semicassis saburon,atlantique
Mollusque,Casque onduleux,Semicassis undulata,mediterranee
Mollusque,Semisulcospira libertina,Semisulcospira libertina,
Mollusque,Seiche commune,Sepia officinalis,"atlantique,mediterranee"
Mollusque,Sépiole commune,Sepietta oweniana,mediterranee
Mollusque,Sépiole atlantique,Sepiola atlantica,atlantique
Mollusque,Sépiole de Rondelet,Sepiola rondeletii,mediterranee
Mollusque,Simnie blanche,Simnia spelta,"atlantique,mediterranee"
Mollusque,Anodonte chinoise,Sinanodonta woodiana,"atlantique,mediterranee"
Mollusque,Skeneopsis planorbis,Skeneopsis planorbis,atlantique
Mollusque,Nérite émeraude,Smaragdia viridis,mediterranee
Mollusque,Smithiella costulata,Smithiella costulata,atlantique
Mollusque,Solécurte rose,Solecurtus strigilatus,mediterranee
Mollusque,Couteau-gaine,Solen marginatus,"atlantique,mediterranee"
Mollusque,Moitessierie décollée,Sorholia lescherae,atlantique
Mollusque,Cyclade commune,Sphaerium corneum,atlantique
Mollusque,Spirule,Spirula spirula,atlantique
Mollusque,Spisule,Spisula elliptica,atlantique
Mollusque,Spisule épaisse,Spisula solida,atlantique
Mollusque,mactre d'Amérique,Spisula solidissima,
Mollusque,Spisule tronquée,Spisula subtruncata,"atlantique,mediterranee"
Mollusque,Spondyle pied-d'âne,Spondylus gaederopus,mediterranee
Mollusque,Limace à bigoudis,Spurilla neapolitana,"atlantique,mediterranee"
Mollusque,Limnée des étangs,Stagnicola palustris,
Mollusque,Steromphala adansonii,Steromphala adansonii,mediterranee
Mollusque,Steromphala albida,Steromphala albida,"atlantique,mediterranee"
Mollusque,Gibbule cendrée,Steromphala cineraria,atlantique
Mollusque,Steromphala divaricata,Steromphala divaricata,mediterranee
Mollusque,Gibbule de Pennant,Steromphala pennanti,atlantique
Mollusque,Steromphala racketti,Steromphala racketti,mediterranee
Mollusque,Steromphala rarilineata,Steromphala rarilineata,mediterranee
Mollusque,Troque ombiliqué,Steromphala umbilicalis,atlantique
Mollusque,Steromphala umbilicaris,Steromphala umbilicaris,mediterranee
Mollusque,Steromphala varia,Steromphala varia,mediterranee
Mollusque,Bouche de sang,Stramonita haemastoma,"atlantique,mediterranee"
Mollusque,Striarca lactea,Striarca lactea,"atlantique,mediterranee"
Mollusque,Ambrette amphibie,Succinea putris,
Mollusque,Oscabrion peau-de-serpent,Sypharochiton pelliserpentis,
Mollusque,Peigne strié,Talochlamys multistriata,"atlantique,mediterranee"
Mollusque,Pétoncle distordu,Talochlamys pusio,atlantique
Mollusque,Limace souterraine,Tandonia budapestensis,
Mollusque,Fasciolaire de Tarente,Tarantinaea lignarius,mediterranee
Mollusque,Tayuva lilas,Tayuva lilacina,mediterranee
Mollusque,Acmée à damier rose,Tectura virginea,"atlantique,mediterranee"
Mollusque,Black Turban Snail,Tegula funebralis,
Mollusque,queen tegula,Tegula regina,
Mollusque,Tellimya ferruginosa,Tellimya ferruginosa,atlantique
Mollusque,Cuthona foliée,Tenellia foliata,atlantique
Mollusque,Cuthona génoise,Tenellia genovae,"atlantique,mediterranee"
Mollusque,Eolidien antirouille,Tenellia miniostriata,mediterranee
Mollusque,Cuthona ocellée,Tenellia ocellata,"atlantique,mediterranee"
Mollusque,Taret commun,Teredo navalis,"atlantique,mediterranee"
Mollusque,Tergipes de Johnston,Tergipes tergipes,"atlantique,mediterranee"
Mollusque,Acmée à écaille de tortue,Testudinalia testudinalis,
Mollusque,Téthys,Tethys fimbria,mediterranee
Mollusque,Arche tétragonale,Tetrarca tetragona,atlantique
Mollusque,Caragouille rosée,Theba pisana,
Mollusque,Thécacère emplumé,Thecacera pennigera,atlantique
Mollusque,Nérite des rivières,Theodoxus fluviatilis,"atlantique,mediterranee"
Mollusque,Asian semele,Theora lubrica,
Mollusque,Thericium lividulum,Thericium lividulum,mediterranee
Mollusque,Thericium renovatum,Thericium renovatum,mediterranee
Mollusque,Cérithe goumier,Thericium vulgatum,mediterranee
Mollusque,Thordisa d'Azman,Thordisa azmanii,atlantique
Mollusque,Thracia phaseolina,Thracia phaseolina,"atlantique,mediterranee"
Mollusque,Thuridille de Hope,Thuridilla hopei,mediterranee
Mollusque,Sélène ondulée,Thyasira flexuosa,atlantique
Mollusque,Thyasira obsoleta,Thyasira obsoleta,
Mollusque,Thyasira sarsii,Thyasira sarsii,
Mollusque,Grand Vermet,Thylacodes arenarius,mediterranee
Mollusque,Timoclea ovata,Timoclea ovata,atlantique
Mollusque,Toutenon commun,Todarodes sagittatus,mediterranee
Mollusque,Lined Red Chiton,Tonicella lineata,
Mollusque,Tornus subcarinatus,Tornus subcarinatus,atlantique
Mollusque,Trapanie à lignes blanches,Trapania lineata,"atlantique,mediterranee"
Mollusque,Trapanie tachetée,Trapania maculata,"atlantique,mediterranee"
Mollusque,Trapanie jaune orange,Trapania tartanella,"atlantique,mediterranee"
Mollusque,Red Triangle Slug,Triboniophorus graeffei,
Mollusque,Tricolia picta,Tricolia picta,atlantique
Mollusque,Phasianelle minuscule,Tricolia pullus,"atlantique,mediterranee"
Mollusque,Phasianelle esthétique,Tricolia speciosa,mediterranee
Mollusque,boring clam,Tridacna crocea,
Mollusque,Bénitier commun,Tridacna maxima,atlantique
Mollusque,Grand bénitier gaufré,Tridacna squamosa,atlantique
Mollusque,Cuthona bleue,Trinchesia caerulea,"atlantique,mediterranee"
Mollusque,Trinchésie du Lough Cuan,Trinchesia cuanensis,"atlantique,mediterranee"
Mollusque,Trinchesia genovae,Trinchesia genovae,"atlantique,mediterranee"
Mollusque,Eolidien de Morrow,Trinchesia morrowae,mediterranee
Mollusque,Clown Dorid,Triopha catalinae,
Mollusque,Orange Spotted Triopha,Triopha maculata,
Mollusque,Tritia corniculum,Tritia corniculum,mediterranee
Mollusque,Tritia corrugata,Tritia corrugata,mediterranee
Mollusque,Tritia grana,Tritia grana,mediterranee
Mollusque,Nasse épaisse,Tritia incrassata,"atlantique,mediterranee"
Mollusque,Nasse renflée,Tritia mutabilis,mediterranee
Mollusque,Cyclope néritoïde,Tritia neritea,"atlantique,mediterranee"
Mollusque,Nasse brillante,Tritia nitida,"atlantique,mediterranee"
Mollusque,Cyclope,Tritia pellucida,mediterranee
Mollusque,Nasse réticulée,Tritia reticulata,"atlantique,mediterranee"
Mollusque,Nasse pygmée,Tritia varicosa,"atlantique,mediterranee"
Mollusque,Tritonia de Homberg,Tritonia hombergii,atlantique
Mollusque,Grain de café rose,Trivia arctica,"atlantique,mediterranee"
Mollusque,Grain de café de Méditerranée,Trivia mediterranea,mediterranee
Mollusque,Grain de café à trois points,Trivia monacha,"atlantique,mediterranee"
Mollusque,Veloutée commune,Trochulus hispidus,
Mollusque,Veloutée striée,Trochulus striolatus,
Mollusque,Truncatelle de l'estran,Truncatella subcylindrica,"atlantique,mediterranee"
Mollusque,Tudorella ferruginea,Tudorella ferruginea,mediterranee
Mollusque,Élégante des calanques,Tudorella sulcata,mediterranee
Mollusque,Turbo marmoratus,Turbo marmoratus,atlantique
Mollusque,Turbonilla lactea,Turbonilla lactea,atlantique
Mollusque,Turbonilla pusilla,Turbonilla pusilla,atlantique
Mollusque,Turritelle commune,Turritellinella tricarinata,"atlantique,mediterranee"
Mollusque,Tylodina (limace jaune de la verongia),Tylodina perversa,mediterranee
Mollusque,Béret basque / Ombrelle de Méditerranée,Umbraculum umbraculum,mediterranee
Mollusque,Mulette épaisse,Unio crassus,
Mollusque,Mulette méridionale,Unio mancus,"atlantique,mediterranee"
Mollusque,Mulette des peintres,Unio pictorum,atlantique
Mollusque,Mulette renflée,Unio tumidus,
Mollusque,Perceur d'huîtres atlantique,Urosalpinx cinerea,atlantique
Mollusque,calmar indien,Uroteuthis duvaucelii,mediterranee
Mollusque,Vallonie costulée,Vallonia costata,
Mollusque,Vallonie des pelouses,Vallonia excentrica,
Mollusque,Vallonie trompette,Vallonia pulchella,
Mollusque,Valvée plane,Valvata cristata,
Mollusque,Valvée porte-plumet,Valvata piscinalis,
Mollusque,Varicorbula gibba,Varicorbula gibba,"atlantique,mediterranee"
Mollusque,Bonnet nord-atlantique,Velutina velutina,atlantique
Mollusque,Palourde-poulette,Venerupis corrugata,"atlantique,mediterranee"
Mollusque,Venerupis geographica,Venerupis geographica,mediterranee
Mollusque,Venus casina,Venus casina,atlantique
Mollusque,Praire commune,Venus verrucosa,"atlantique,mediterranee"
Mollusque,Petit Vermet,Vermetus triquetrus,mediterranee
Mollusque,Vertigo étroit,Vertigo angustior,
Mollusque,Vertigo des marais,Vertigo antivertigo,
Mollusque,Vertigo de Des Moulins,Vertigo moulinsiana,
Mollusque,Vertigo commun,Vertigo pygmaea,
Mollusque,Vertigo strié,Vertigo substriata,
Mollusque,Villiersiella attenuata,Villiersiella attenuata,atlantique
Mollusque,Cristalline ombiliquée,Vitrea contracta,
Mollusque,Cristalline commune,Vitrea crystallina,
Mollusque,Vitreolina philippi,Vitreolina philippi,atlantique
Mollusque,Semilimace commune,Vitrina pellucida,
Mollusque,Paludine commune,Viviparus contectus,
Mollusque,Paludine d'Europe,Viviparus viviparus,atlantique
Mollusque,Williamia gussoni,Williamia gussoni,mediterranee
Mollusque,Xandarovula hiscocki,Xandarovula hiscocki,atlantique
Mollusque,Simnie à grande ouverture,Xandarovula patula,atlantique
Mollusque,Hélicelle plane,Xerolenta obvia,
Mollusque,Hélicette carénée,Xeroplexa intersecta,
Mollusque,Cornette d'Amérique,Yoldia limatula,atlantique
Mollusque,Iridescent Yoldia,Yoldiella lucida,
Mollusque,Yoldiella philippiana,Yoldiella philippiana,
Mollusque,Garden Zachrysia,Zachrysia provisoria,
Mollusque,Bulime zébré,Zebrina detrita,
Mollusque,Grande pholade rugueuse,Zirfaea crispata,atlantique
Mollusque,Luisantine des marais,Zonitoides nitidus,
Poissons cartilagineux,Raie aigle tachetée,Aetobatus ocellatus,"atlantique,mediterranee"
Poissons cartilagineux,Aigle-vachette,Aetomylaeus bovinus,mediterranee
Poissons cartilagineux,Requin-renard commun,Alopias vulpinus,"atlantique,mediterranee"
Poissons cartilagineux,Pastenague épineuse,Bathytoshia lata,mediterranee
Poissons cartilagineux,Requin gris de récif,Carcharhinus amblyrhynchos,"atlantique,mediterranee"
Poissons cartilagineux,Requin cuivre,Carcharhinus brachyurus,mediterranee
Poissons cartilagineux,Requin pointe noire,Carcharhinus melanopterus,"atlantique,mediterranee"
Poissons cartilagineux,Requin de sable,Carcharhinus obscurus,mediterranee
Poissons cartilagineux,Requin gris,Carcharhinus plumbeus,"atlantique,mediterranee"
Poissons cartilagineux,Requin-taureau,Carcharias taurus,"atlantique,mediterranee"
Poissons cartilagineux,Grand requin blanc,Carcharodon carcharias,mediterranee
Poissons cartilagineux,Petit squale-chagrin,Centrophorus uyato,mediterranee
Poissons cartilagineux,Requin pèlerin,Cetorhinus maximus,"atlantique,mediterranee"
Poissons cartilagineux,Requin-chabot gris,Chiloscyllium griseum,mediterranee
Poissons cartilagineux,Requin-chabot taches blanches,Chiloscyllium plagiosum,"atlantique,mediterranee"
Poissons cartilagineux,Requin-chabot bambou,Chiloscyllium punctatum,mediterranee
Poissons cartilagineux,Squale liche,Dalatias licha,mediterranee
Poissons cartilagineux,Raie pastenague,Dasyatis pastinaca,"atlantique,mediterranee"
Poissons cartilagineux,Pastenague de Tortonese,Dasyatis tortonesei,"atlantique,mediterranee"
Poissons cartilagineux,Pocheteau noir,Dipturus oxyrinchus,mediterranee
Poissons cartilagineux,Requin-tapis barbu,Eucrossorhinus dasypogon,mediterranee
Poissons cartilagineux,Requin-tigre,Galeocerdo cuvier,atlantique
Poissons cartilagineux,Requin hâ,Galeorhinus galeus,"atlantique,mediterranee"
Poissons cartilagineux,Chien de mer de l'Atlantique,Galeus atlanticus,mediterranee
Poissons cartilagineux,Chien espagnol,Galeus melastomus,"atlantique,mediterranee"
Poissons cartilagineux,Requin-nourrice atlantique,Ginglymostoma cirratum,"atlantique,mediterranee"
Poissons cartilagineux,Poisson-guitare fouisseur,Glaucostegus cemiculus,"atlantique,mediterranee"
Poissons cartilagineux,Glaucostegus typus,Glaucostegus typus,mediterranee
Poissons cartilagineux,Raie papillon épineuse,Gymnura altavela,mediterranee
Poissons cartilagineux,Requin-chabot ocellé,Hemiscyllium ocellatum,mediterranee
Poissons cartilagineux,Requin dormeur taureau,Heterodontus portusjacksoni,"atlantique,mediterranee"
Poissons cartilagineux,Requin griset,Hexanchus griseus,mediterranee
Poissons cartilagineux,Pastenague léopard,Himantura uarnak,"atlantique,mediterranee"
Poissons cartilagineux,Chimère tachetée,Hydrolagus colliei,mediterranee
Poissons cartilagineux,Pastenague américaine,Hypanus americanus,"atlantique,mediterranee"
Poissons cartilagineux,Pastenague queue longue,Hypanus longus,mediterranee
Poissons cartilagineux,Requin mako,Isurus oxyrinchus,mediterranee
Poissons cartilagineux,Requin-taupe commun,Lamna nasus,atlantique
Poissons cartilagineux,Raie fleurie,Leucoraja naevus,"atlantique,mediterranee"
Poissons cartilagineux,Raie manta de récif,Mobula alfredi,"indo-pacifique,mer-rouge,ocean-indien,pacifique"
Poissons cartilagineux,Raie manta océanique,Mobula birostris,"atlantique,caraibes,indo-pacifique,mer-rouge,ocean-indien,pacifique"
Poissons cartilagineux,Diable de mer méditerranéen,Mobula mobular,mediterranee
Poissons cartilagineux,Émissole tachetée,Mustelus asterias,atlantique
Poissons cartilagineux,Mustelus californicus,Mustelus californicus,mediterranee
Poissons cartilagineux,Émissole lisse,Mustelus mustelus,"atlantique,mediterranee"
Poissons cartilagineux,Aigle commun,Myliobatis aquila,"atlantique,mediterranee"
Poissons cartilagineux,Requin limon faucille,Negaprion acutidens,atlantique
Poissons cartilagineux,Requin-tapis tacheté,Orectolobus maculatus,mediterranee
Poissons cartilagineux,Centrine commune,Oxynotus centrina,mediterranee
Poissons cartilagineux,Raie fouet,Pateobatis fai,mediterranee
Poissons cartilagineux,Poroderma africanum,Poroderma africanum,atlantique
Poissons cartilagineux,Potamotrygon jabuti,Potamotrygon jabuti,mediterranee
Poissons cartilagineux,Potamotrygon leopoldi,Potamotrygon leopoldi,mediterranee
Poissons cartilagineux,Potamotrygon motoro,Potamotrygon motoro,"atlantique,mediterranee"
Poissons cartilagineux,Requin peau bleue,Prionace glauca,"atlantique,mediterranee"
Poissons cartilagineux,Poisson-scie tident,Pristis pectinata,atlantique
Poissons cartilagineux,Poisson-scie commun,Pristis pristis,"atlantique,mediterranee"
Poissons cartilagineux,Raie-guitare spatule,Pseudobatos productus,"atlantique,mediterranee"
Poissons cartilagineux,Pastenague violette,Pteroplatytrygon violacea,"atlantique,mediterranee"
Poissons cartilagineux,Raie étoilée,Raja asterias,mediterranee
Poissons cartilagineux,Raie lisse,Raja brachyura,"atlantique,mediterranee"
Poissons cartilagineux,Raie bouclée,Raja clavata,"atlantique,mediterranee"
Poissons cartilagineux,Raie mêlée,Raja microocellata,atlantique
Poissons cartilagineux,Raie miroir,Raja miraletus,mediterranee
Poissons cartilagineux,Raie douce,Raja montagui,"atlantique,mediterranee"
Poissons cartilagineux,Raja ocellifera,Raja ocellifera,mediterranee
Poissons cartilagineux,Raie tachetée,Raja polystigma,mediterranee
Poissons cartilagineux,Raie-râpe,Raja radula,mediterranee
Poissons cartilagineux,Raie brunette,Raja undulata,"atlantique,mediterranee"
Poissons cartilagineux,Raie guitare à bouche arquée,Rhina ancylostomus,atlantique
Poissons cartilagineux,Requin-baleine,Rhincodon typus,"atlantique,caraibes,indo-pacifique,mer-rouge,ocean-indien,pacifique"
Poissons cartilagineux,Poisson-guitare commun,Rhinobatos rhinobatos,mediterranee
Poissons cartilagineux,Mourine américaine,Rhinoptera bonasus,atlantique
Poissons cartilagineux,Mourine lusitanienne,Rhinoptera marginata,mediterranee
Poissons cartilagineux,Rhinoptera steindachneri,Rhinoptera steindachneri,mediterranee
Poissons cartilagineux,raie guitare,Rhynchobatus australiae,mediterranee
Poissons cartilagineux,Raie blanche,Rostroraja alba,mediterranee
Poissons cartilagineux,Petite roussette,Scyliorhinus canicula,"atlantique,mediterranee"
Poissons cartilagineux,Grande roussette,Scyliorhinus stellaris,"atlantique,mediterranee"
Poissons cartilagineux,Squale-grogneur commun,Scymnodon ringens,atlantique
Poissons cartilagineux,Requin-marteau halicorne,Sphyrna lewini,atlantique
Poissons cartilagineux,Requin-marteau tiburo,Sphyrna tiburo,atlantique
Poissons cartilagineux,Requin-marteau commun,Sphyrna zygaena,atlantique
Poissons cartilagineux,aiguillat commun,Squalus acanthias,"atlantique,mediterranee"
Poissons cartilagineux,Aiguillat-coq,Squalus blainville,mediterranee
Poissons cartilagineux,Ange de mer,Squatina squatina,"atlantique,mediterranee"
Poissons cartilagineux,Requin zèbre,Stegostoma tigrinum,"atlantique,mediterranee"
Poissons cartilagineux,Pastenague chupare,Styracura schmardae,mediterranee
Poissons cartilagineux,Raie pastenague à taches bleues,Taeniura lymma,atlantique
Poissons cartilagineux,Torpille marbrée,Torpedo marmorata,"atlantique,mediterranee"
Poissons cartilagineux,Torpille ocellée,Torpedo torpedo,mediterranee
Poissons cartilagineux,Requin-corail,Triaenodon obesus,"atlantique,mediterranee"
Poissons cartilagineux,Requin léopard,Triakis semifasciata,"atlantique,mediterranee"
Poissons cartilagineux,Raie guitare australienne,Trygonorrhina dumerilii,mediterranee
Poissons cartilagineux,Trygonorrhina fasciata,Trygonorrhina fasciata,mediterranee
Poissons cartilagineux,Pastenague jamaïcaine,Urobatis jamaicensis,"atlantique,mediterranee"
Poissons osseux,Sergent-major des Caraïbes,Abudefduf saxatilis,"atlantique,mediterranee"
Poissons osseux,Sergent-major à queue en ciseaux,Abudefduf sexfasciatus,mediterranee
Poissons osseux,Sergent-major Indo-Pacifique,Abudefduf vaigiensis,"atlantique,mediterranee"
Poissons osseux,Chirurgien à tache rouge,Acanthurus achilles,"atlantique,mediterranee"
Poissons osseux,Chirurgien rayé,Acanthurus chirurgus,atlantique
Poissons osseux,Chirurgien bleu,Acanthurus coeruleus,"atlantique,mediterranee"
Poissons osseux,Chirurgien à poitrine blanche,Acanthurus leucosternon,"atlantique,mediterranee"
Poissons osseux,Chirurgien zèbre,Acanthurus lineatus,atlantique
Poissons osseux,Chirurgien à épaulettes orange,Acanthurus olivaceus,atlantique
Poissons osseux,Chirurgien zébré,Acanthurus sohal,atlantique
Poissons osseux,Chirurgien bagnard,Acanthurus triostegus,mediterranee
Poissons osseux,Chirurgien à ailes jaunes,Acanthurus xanthopterus,mediterranee
Poissons osseux,Esturgeon européen,Acipenser sturio,"atlantique,mediterranee"
Poissons osseux,Acreichthys tomentosus,Acreichthys tomentosus,"atlantique,mediterranee"
Poissons osseux,Poisson-couteau strié,Aeoliscus strigatus,"atlantique,mediterranee"
Poissons osseux,Souris de Mer,Agonus cataphractus,atlantique
Poissons osseux,Blennie sphinx,Aidablennius sphynx,mediterranee
Poissons osseux,Spirlin,Alburnoides bipunctatus,mediterranee
Poissons osseux,Alose feinte méditerranéenne,Alosa agone,mediterranee
Poissons osseux,Grande alose,Alosa alosa,atlantique
Poissons osseux,Alose feinte atlantique,Alosa fallax,atlantique
Poissons osseux,Poisson-lime gribouillé,Aluterus scriptus,atlantique
Poissons osseux,Amblyeleotris randalli,Amblyeleotris randalli,atlantique
Poissons osseux,Lançon équille,Ammodytes tobianus,atlantique
Poissons osseux,Citrinellum,Amphilophus citrinellus,mediterranee
Poissons osseux,Poisson-clown mouffette,Amphiprion akallopisos,atlantique
Poissons osseux,Poisson-clown à joues épineuses,Amphiprion biaculeatus,mediterranee
Poissons osseux,Poisson-clown de Clark,Amphiprion clarkii,"atlantique,mediterranee"
Poissons osseux,Poisson-clown rouge à selle,Amphiprion ephippium,atlantique
Poissons osseux,Poisson-clown rouge,Amphiprion frenatus,"atlantique,mediterranee"
Poissons osseux,Poisson-clown bistré,Amphiprion melanopus,"atlantique,mediterranee"
Poissons osseux,Poisson-clown à trois bandes,Amphiprion ocellaris,"atlantique,mediterranee"
Poissons osseux,Poisson-clown du Pacifique,Amphiprion percula,"atlantique,mediterranee"
Poissons osseux,Poisson-clown javanais,Amphiprion sebae,atlantique
Poissons osseux,Poisson loup à ocelles,Anarrhichthys ocellatus,"atlantique,mediterranee"
Poissons osseux,Acara bleu,Andinoacara pulcher,mediterranee
Poissons osseux,Anguille d'Europe,Anguilla anguilla,"atlantique,mediterranee"
Poissons osseux,Anguille de Nouvelle-Zélande,Anguilla dieffenbachii,atlantique
Poissons osseux,Lippu rondeau,Anisotremus virginicus,"atlantique,mediterranee"
Poissons osseux,Anoplocapros lenticularis,Anoplocapros lenticularis,atlantique
Poissons osseux,Antennaire géant,Antennarius commerson,atlantique
Poissons osseux,Antennaire peint,Antennarius pictus,atlantique
Poissons osseux,Anthias,Anthias anthias,"atlantique,mediterranee"
Poissons osseux,Aphanius de Corse,Aphanius fasciatus,mediterranee
Poissons osseux,Gobie transparent,Aphia minuta,"atlantique,mediterranee"
Poissons osseux,Porte-écuelle à petite tête,Apletodon dentatus,"atlantique,mediterranee"
Poissons osseux,Porte-écuelle des oursins,Apletodon incognitus,mediterranee
Poissons osseux,Aplocheilus lineatus,Aplocheilus lineatus,atlantique
Poissons osseux,Apogon commun,Apogon imberbis,"atlantique,mediterranee"
Poissons osseux,Poisson-ange à trois taches,Apolemichthys trimaculatus,atlantique
Poissons osseux,Aphanius d'Espagne,Apricaphanius iberus,mediterranee
Poissons osseux,Apterichtus caecus,Apterichtus caecus,mediterranee
Poissons osseux,Poisson-couteau noir de jais,Apteronotus albifrons,mediterranee
Poissons osseux,Arapaima gigas,Arapaima gigas,mediterranee
Poissons osseux,Argentina sphyraena,Argentina sphyraena,mediterranee
Poissons osseux,Maigre,Argyrosomus regius,"atlantique,mediterranee"
Poissons osseux,Congre des Baléares,Ariosoma balearicum,mediterranee
Poissons osseux,Arnoglosse de Kessler,Arnoglossus grohmanni,mediterranee
Poissons osseux,Arnoglosse impérial,Arnoglossus imperialis,atlantique
Poissons osseux,Arnoglosse lanterne,Arnoglossus laterna,"atlantique,mediterranee"
Poissons osseux,Arnoglosse de Thor,Arnoglossus thori,"atlantique,mediterranee"
Poissons osseux,Poisson ballon à épaule noire,Arothron hispidus,"atlantique,mediterranee"
Poissons osseux,Poisson-ballon pintade,Arothron meleagris,atlantique
Poissons osseux,Poisson-ballon à points noirs,Arothron nigropunctatus,"atlantique,mediterranee"
Poissons osseux,Artedius harringtoni,Artedius harringtoni,atlantique
Poissons osseux,Oscar,Astronotus ocellatus,"atlantique,mediterranee"
Poissons osseux,Tétra aveugle,Astyanax mexicanus,atlantique
Poissons osseux,Joël,Atherina boyeri,"atlantique,mediterranee"
Poissons osseux,Sauclet,Atherina hepsetus,mediterranee
Poissons osseux,Prêtre,Atherina presbyter,atlantique
Poissons osseux,Acoupa blanc,Atractoscion nobilis,atlantique
Poissons osseux,Garpique alligator,Atractosteus spatula,mediterranee
Poissons osseux,Poisson-trompette Atlantique,Aulostomus strigosus,atlantique
Poissons osseux,Balantiocheilos melanopterus,Balantiocheilos melanopterus,"atlantique,mediterranee"
Poissons osseux,Baliste ondulé,Balistapus undulatus,"atlantique,mediterranee"
Poissons osseux,Baliste commun,Balistes capriscus,"atlantique,mediterranee"
Poissons osseux,Baliste-clown,Balistoides conspicillum,"atlantique,mediterranee"
Poissons osseux,Barbatula hispanica,Barbatula hispanica,atlantique
Poissons osseux,Barbonymus altus,Barbonymus altus,atlantique
Poissons osseux,Barbus haasi,Barbus haasi,mediterranee
Poissons osseux,Barbeau méridional,Barbus meridionalis,mediterranee
Poissons osseux,Orphie commune,Belone belone,"atlantique,mediterranee"
Poissons osseux,Orphie à bec court,Belone svetovidovi,atlantique
Poissons osseux,combattant,Betta splendens,"atlantique,mediterranee"
Poissons osseux,Blennie papillon,Blennius ocellaris,"atlantique,mediterranee"
Poissons osseux,Labre lyre,Bodianus anthioides,mediterranee
Poissons osseux,Labre amiral,Bodianus mesothorax,mediterranee
Poissons osseux,Labre pourceau dos noir,Bodianus pulchellus,"atlantique,mediterranee"
Poissons osseux,Bogue,Boops boops,"atlantique,mediterranee"
Poissons osseux,Turbot panthère,Bothus pantherinus,atlantique
Poissons osseux,Rombou podas,Bothus podas,"atlantique,mediterranee"
Poissons osseux,Loche pakistanaise,Botia almorhae,atlantique
Poissons osseux,Grande castagnole,Brama brama,mediterranee
Poissons osseux,Gobie de De Buen,Buenia affinis,mediterranee
Poissons osseux,Gobie de Massutí,Buenia massutii,mediterranee
Poissons osseux,Petite Sole jaune,Buglossidium luteum,"atlantique,mediterranee"
Poissons osseux,Fusilier à dos jaune et bleu,Caesio teres,atlantique
Poissons osseux,Dragonnet lyre,Callionymus lyra,atlantique
Poissons osseux,Dragonnet élégant,Callionymus pusillus,mediterranee
Poissons osseux,Dragonnet réticulé,Callionymus reticulatus,"atlantique,mediterranee"
Poissons osseux,Dragonnet de Risso,Callionymus risso,mediterranee
Poissons osseux,Poisson-comète à grandes nageoires,Calloplesiops altivelis,"atlantique,mediterranee"
Poissons osseux,Canthigaster à selles noires,Canthigaster valentini,"atlantique,mediterranee"
Poissons osseux,Sanglier,Capros aper,"atlantique,mediterranee"
Poissons osseux,Carangue coubali,Caranx crysos,"atlantique,mediterranee"
Poissons osseux,Carangue à grosse tête,Caranx ignobilis,mediterranee
Poissons osseux,Comète coussut,Caranx rhonchus,mediterranee
Poissons osseux,Aurin,Carapus acus,mediterranee
Poissons osseux,Poisson rouge,Carassius auratus,atlantique
Poissons osseux,Carassin argenté,Carassius gibelio,"atlantique,mediterranee"
Poissons osseux,Centrolabre,Centrolabrus exoletus,atlantique
Poissons osseux,Centrolophe noir,Centrolophus niger,"atlantique,mediterranee"
Poissons osseux,Poisson-ange bicolore,Centropyge bicolor,mediterranee
Poissons osseux,Poisson-ange à deux épines,Centropyge bispinosa,mediterranee
Poissons osseux,Poisson-ange peau-de-citron,Centropyge flavissima,atlantique
Poissons osseux,Poisson-ange nain flamme,Centropyge loriculus,"atlantique,mediterranee"
Poissons osseux,Cépole,Cepola macrophthalma,"atlantique,mediterranee"
Poissons osseux,Ceratogarra cambodgiensis,Ceratogarra cambodgiensis,atlantique
Poissons osseux,Disque portugais,Chaetodipterus faber,atlantique
Poissons osseux,Poisson-papillon cocher,Chaetodon auriga,mediterranee
Poissons osseux,Poisson-papillon noir à nez jaune,Chaetodon flavirostris,atlantique
Poissons osseux,Poisson-papillon de Klein,Chaetodon kleinii,atlantique
Poissons osseux,Poisson-papillon raton laveur,Chaetodon lunula,"atlantique,mediterranee"
Poissons osseux,Poisson-papillon sédentaire,Chaetodon sedentarius,atlantique
Poissons osseux,Poisson-papillon à chevrons,Chaetodon trifascialis,atlantique
Poissons osseux,Channa pulchra,Channa pulchra,atlantique
Poissons osseux,Labre Napoléon,Cheilinus undulatus,"atlantique,mediterranee"
Poissons osseux,Exocet grande aile,Cheilopogon heterurus,mediterranee
Poissons osseux,Grondin rouge,Chelidonichthys cuculus,"atlantique,mediterranee"
Poissons osseux,Chelidonichthys kumu,Chelidonichthys kumu,atlantique
Poissons osseux,Grondin strié,Chelidonichthys lastoviza,"atlantique,mediterranee"
Poissons osseux,Grondin perlon,Chelidonichthys lucerna,"atlantique,mediterranee"
Poissons osseux,Grondin morrude,Chelidonichthys obscurus,mediterranee
Poissons osseux,Chelmon à bandes cuivrées,Chelmon rostratus,"atlantique,mediterranee"
Poissons osseux,Mulet doré,Chelon auratus,"atlantique,mediterranee"
Poissons osseux,Mulet lippu,Chelon labrosus,"atlantique,mediterranee"
Poissons osseux,Mulet porc,Chelon ramada,"atlantique,mediterranee"
Poissons osseux,Diodon réticulé,Chilomycterus antillarum,atlantique
Poissons osseux,Porc-épic-rayé,Chilomycterus schoepfii,atlantique
Poissons osseux,Labre arlequin,Choerodon fasciatus,"atlantique,mediterranee"
Poissons osseux,Mérou de Grace Kelly,Chromileptes altivelis,mediterranee
Poissons osseux,Castagnole,Chromis chromis,"atlantique,mediterranee"
Poissons osseux,Chromis vert,Chromis viridis,"atlantique,mediterranee"
Poissons osseux,Chromobotia macracanthus,Chromobotia macracanthus,mediterranee
Poissons osseux,Gobie à quatre bandes,Chromogobius quadrivittatus,mediterranee
Poissons osseux,Gobie grêle zébré,Chromogobius zebratus,mediterranee
Poissons osseux,Demoiselle de Talbot,Chrysiptera talboti,mediterranee
Poissons osseux,Motelle à cinq barbillons,Ciliata mustela,atlantique
Poissons osseux,Motelle nordique,Ciliata septentrionalis,atlantique
Poissons osseux,Poisson-faucon tacheté,Cirrhitichthys falco,mediterranee
Poissons osseux,Feuille,Citharus linguatula,mediterranee
Poissons osseux,Cleidopus gloriamaris,Cleidopus gloriamaris,atlantique
Poissons osseux,Cline argenté,Clinitrachus argentatus,mediterranee
Poissons osseux,hareng atlantique,Clupea harengus,atlantique
Poissons osseux,Loche transalpine,Cobitis bilineata,mediterranee
Poissons osseux,Cobitis paludica,Cobitis paludica,mediterranee
Poissons osseux,Loche de rivière,Cobitis taenia,atlantique
Poissons osseux,Congre,Conger conger,"atlantique,mediterranee"
Poissons osseux,Conger wilsoni,Conger wilsoni,atlantique
Poissons osseux,Gobie-corail nain,Corcyrogobius liechtensteini,mediterranee
Poissons osseux,Coris bulbifrons,Coris bulbifrons,atlantique
Poissons osseux,Girelle reine,Coris formosa,mediterranee
Poissons osseux,Coris à queue jaune,Coris gaimard,atlantique
Poissons osseux,Girelle commune,Coris julis,"atlantique,mediterranee"
Poissons osseux,Girelle à queue noire,Coris melanura,"atlantique,mediterranee"
Poissons osseux,Coryphaena equiselis,Coryphaena equiselis,mediterranee
Poissons osseux,Dorade coryphène,Coryphaena hippurus,"atlantique,mediterranee"
Poissons osseux,Blennie coiffée,Coryphoblennius galerita,"atlantique,mediterranee"
Poissons osseux,Chabot du Béarn,Cottus aturi,atlantique
Poissons osseux,Chabot fluviatile,Cottus perifretum,atlantique
Poissons osseux,Chabot du Lez,Cottus petiti,mediterranee
Poissons osseux,Chabot de l'Hérault,Cottus rondeleti,mediterranee
Poissons osseux,Crossocheilus oblongus,Crossocheilus oblongus,mediterranee
Poissons osseux,Chirurgien de Tomini,Ctenochaetus tominiensis,"atlantique,mediterranee"
Poissons osseux,Cténolabre rupestre,Ctenolabrus rupestris,"atlantique,mediterranee"
Poissons osseux,Ctenolucius hujeta,Ctenolucius hujeta,mediterranee
Poissons osseux,Amour blanc,Ctenopharyngodon idella,"atlantique,mediterranee"
Poissons osseux,lompe,Cyclopterus lumpus,atlantique
Poissons osseux,Cyphotilapia frontosa,Cyphotilapia frontosa,atlantique
Poissons osseux,Carpe commune,Cyprinus carpio,"atlantique,mediterranee"
Poissons osseux,Carpe Koï,Cyprinus rubrofuscus,"atlantique,mediterranee"
Poissons osseux,Grondin volant,Dactylopterus volitans,mediterranee
Poissons osseux,Serpenton imberbe,Dalophis imberbis,mediterranee
Poissons osseux,Poisson zèbre,Danio rerio,"atlantique,mediterranee"
Poissons osseux,Demoiselle à queue blanche,Dascyllus aruanus,mediterranee
Poissons osseux,Demoiselle à queue noire,Dascyllus melanurus,mediterranee
Poissons osseux,Demoiselle à trois points,Dascyllus trimaculatus,mediterranee
Poissons osseux,Dawkinsia denisonii,Dawkinsia denisonii,atlantique
Poissons osseux,Gobie denté,Deltentosteus collonianus,mediterranee
Poissons osseux,Gobie à quatre taches,Deltentosteus quadrimaculatus,mediterranee
Poissons osseux,Denté commun,Dentex dentex,"atlantique,mediterranee"
Poissons osseux,Bar européen,Dicentrarchus labrax,"atlantique,mediterranee"
Poissons osseux,Bar tacheté,Dicentrarchus punctatus,atlantique
Poissons osseux,Dichotomyctere nigroviridis,Dichotomyctere nigroviridis,mediterranee
Poissons osseux,Céteau,Dicologlossa cuneata,atlantique
Poissons osseux,Gobie d'Andromède,Didogobius schlieweni,mediterranee
Poissons osseux,Poisson porc-épic à taches,Diodon holocanthus,"atlantique,mediterranee"
Poissons osseux,Poisson porc-épic à taches auréolées,Diodon liturosus,atlantique
Poissons osseux,Porte-écuelle à deux taches,Diplecogaster bimaculata,"atlantique,mediterranee"
Poissons osseux,Sparaillon commun,Diplodus annularis,mediterranee
Poissons osseux,Sar commun atlantique,Diplodus cadenati,atlantique
Poissons osseux,Sar tambour,Diplodus cervinus,"atlantique,mediterranee"
Poissons osseux,Sar à museau pointu,Diplodus puntazzo,"atlantique,mediterranee"
Poissons osseux,Sar commun,Diplodus sargus,"atlantique,mediterranee"
Poissons osseux,Sar à tête noire,Diplodus vulgaris,"atlantique,mediterranee"
Poissons osseux,Aiguille de mer à bande bleue,Doryrhamphus excisus,atlantique
Poissons osseux,Petite Vive,Echiichthys vipera,"atlantique,mediterranee"
Poissons osseux,Anchois,Engraulis encrasicolus,"atlantique,mediterranee"
Poissons osseux,Enoplosus armatus,Enoplosus armatus,atlantique
Poissons osseux,Entélure,Entelurus aequoreus,atlantique
Poissons osseux,Mérou blanc,Epinephelus aeneus,mediterranee
Poissons osseux,Mérou gris,Epinephelus caninus,mediterranee
Poissons osseux,Badèche,Epinephelus costae,mediterranee
Poissons osseux,Mérou faraud,Epinephelus flavocaeruleus,atlantique
Poissons osseux,Mérou lancéolé,Epinephelus lanceolatus,"atlantique,mediterranee"
Poissons osseux,Mérou brun,Epinephelus marginatus,"atlantique,mediterranee"
Poissons osseux,Brochet aquitain,Esox aquitanicus,atlantique
Poissons osseux,Grand brochet,Esox lucius,atlantique
Poissons osseux,Thonine commune,Euthynnus alletteratus,mediterranee
Poissons osseux,Grondin gris,Eutrigla gurnardus,"atlantique,mediterranee"
Poissons osseux,Exodon paradoxus,Exodon paradoxus,mediterranee
Poissons osseux,Poisson-pincette jaune,Forcipiger flavissimus,"atlantique,mediterranee"
Poissons osseux,morue franche,Gadus morhua,"atlantique,mediterranee"
Poissons osseux,Motelle à trois barbillons,Gaidropsarus mediterraneus,"atlantique,mediterranee"
Poissons osseux,Motelle commune,Gaidropsarus vulgaris,atlantique
Poissons osseux,Gobie de Steinitz,Gammogobius steinitzi,mediterranee
Poissons osseux,Épinoche commune,Gasterosteus aculeatus,"atlantique,mediterranee"
Poissons osseux,Genicanthus bellus,Genicanthus bellus,atlantique
Poissons osseux,Genicanthus lamarck,Genicanthus lamarck,mediterranee
Poissons osseux,Geophagus brasiliensis,Geophagus brasiliensis,mediterranee
Poissons osseux,Gephyroberyx japonicus,Gephyroberyx japonicus,atlantique
Poissons osseux,Girella tricuspidata,Girella tricuspidata,atlantique
Poissons osseux,Plie cynoglosse,Glyptocephalus cynoglossus,mediterranee
Poissons osseux,Carangue dorée,Gnathanodon speciosus,"atlantique,mediterranee"
Poissons osseux,poisson-éléphant,Gnathonemus petersii,atlantique
Poissons osseux,Goujon de l'Adour,Gobio lozanoi,"atlantique,mediterranee"
Poissons osseux,Goujon occitan,Gobio occitaniae,"atlantique,mediterranee"
Poissons osseux,Gobie doré,Gobius auratus,mediterranee
Poissons osseux,Gobie à grosse tête,Gobius cobitis,"atlantique,mediterranee"
Poissons osseux,Gobie de Couch,Gobius couchi,"atlantique,mediterranee"
Poissons osseux,Gobie à bouche rouge,Gobius cruentatus,"atlantique,mediterranee"
Poissons osseux,Gobie de Sarato,Gobius fallax,mediterranee
Poissons osseux,Gobie de Steven,Gobius gasteveni,atlantique
Poissons osseux,Gobie à joues poreuses,Gobius geniporus,mediterranee
Poissons osseux,Gobie moucheté mystère,Gobius incognitus,mediterranee
Poissons osseux,Gobie de Kolombatovic,Gobius kolombatovici,mediterranee
Poissons osseux,Gobie noir,Gobius niger,"atlantique,mediterranee"
Poissons osseux,Gobie lote,Gobius ophiocephalus,mediterranee
Poissons osseux,Gobie paganel,Gobius paganellus,"atlantique,mediterranee"
Poissons osseux,Gobie de Roule,Gobius roulei,mediterranee
Poissons osseux,Gobie rayé,Gobius vittatus,mediterranee
Poissons osseux,Gobie à tête jaune,Gobius xanthocephalus,"atlantique,mediterranee"
Poissons osseux,Gobie crécerelle,Gobius xoriguer,mediterranee
Poissons osseux,Labre-oiseau du Pacifique,Gomphosus varius,atlantique
Poissons osseux,Gorgasia preclara,Gorgasia preclara,atlantique
Poissons osseux,Porte-écuelle jaune,Gouania willdenowi,mediterranee
Poissons osseux,Gramma royal,Gramma loreto,"atlantique,mediterranee"
Poissons osseux,Gramma tête noire,Gramma melacara,atlantique
Poissons osseux,Faufré noir,Grammonus ater,mediterranee
Poissons osseux,Cicerelle de Méditerranée,Gymnammodytes cicerelus,mediterranee
Poissons osseux,Cicerelle de l'Atlantique,Gymnammodytes semisquamatus,atlantique
Poissons osseux,Grémille,Gymnocephalus cernua,atlantique
Poissons osseux,Gymnocorymbus ternetzi,Gymnocorymbus ternetzi,atlantique
Poissons osseux,Murène-zèbre,Gymnomuraena zebra,"atlantique,mediterranee"
Poissons osseux,Gymnothorax castaneus,Gymnothorax castaneus,atlantique
Poissons osseux,Murène léopard,Gymnothorax favagineus,"atlantique,mediterranee"
Poissons osseux,Murène verte,Gymnothorax funebris,"atlantique,mediterranee"
Poissons osseux,Murène jaunâtre,Gymnothorax melatremus,mediterranee
Poissons osseux,murène tachetée,Gymnothorax moringa,atlantique
Poissons osseux,Murène chocolat,Gymnothorax unicolor,mediterranee
Poissons osseux,Murène à tête mauve,Gymnothorax vicinus,atlantique
Poissons osseux,Gorette jaune,Haemulon flavolineatum,atlantique
Poissons osseux,Gorette bleue,Haemulon sciurus,atlantique
Poissons osseux,Labre vert pastel,Halichoeres chloropterus,mediterranee
Poissons osseux,Halichoeres leucoxanthus,Halichoeres leucoxanthus,mediterranee
Poissons osseux,Poisson-crapaud lusitanien,Halobatrachus didactylus,atlantique
Poissons osseux,Sébaste chèvre,Helicolenus dactylopterus,mediterranee
Poissons osseux,Poisson-cocher commun,Heniochus acuminatus,"atlantique,mediterranee"
Poissons osseux,Poisson-cocher grégaire,Heniochus diphreutes,mediterranee
Poissons osseux,Poisson-cocher de mer Rouge,Heniochus intermedius,mediterranee
Poissons osseux,Cichlidé du Texas,Herichthys cyanoguttatus,atlantique
Poissons osseux,Heros severus,Heros severus,"atlantique,mediterranee"
Poissons osseux,Hétérocongre tacheté,Heteroconger hassi,"atlantique,mediterranee"
Poissons osseux,Heterotilapia buettikoferi,Heterotilapia buettikoferi,atlantique
Poissons osseux,Hippocampus abdominalis,Hippocampus abdominalis,"atlantique,mediterranee"
Poissons osseux,Hippocampus barbouri,Hippocampus barbouri,atlantique
Poissons osseux,hippocampe rayé,Hippocampus erectus,"atlantique,mediterranee"
Poissons osseux,Hippocampe moucheté,Hippocampus guttulatus,"atlantique,mediterranee"
Poissons osseux,Hippocampe à museau court,Hippocampus hippocampus,"atlantique,mediterranee"
Poissons osseux,Hippocampe épineux,Hippocampus histrix,atlantique
Poissons osseux,Hippocampe géant Pacifique,Hippocampus ingens,atlantique
Poissons osseux,Hippocampus kuda,Hippocampus kuda,atlantique
Poissons osseux,Hippocampe à long nez,Hippocampus reidi,"atlantique,mediterranee"
Poissons osseux,Hippocampus zosterae,Hippocampus zosterae,atlantique
Poissons osseux,Poisson-ange royal,Holacanthus ciliaris,atlantique
Poissons osseux,Poisson-ange doré,Holacanthus clarionensis,atlantique
Poissons osseux,Poisson-ange à barre blanche,Holacanthus passer,atlantique
Poissons osseux,Poisson-ange des Caraïbes,Holacanthus tricolor,atlantique
Poissons osseux,Hoplisoma trilineatum,Hoplisoma trilineatum,mediterranee
Poissons osseux,Esturgeon de Sibérie,Huso baerii,mediterranee
Poissons osseux,Grand esturgeon,Huso huso,mediterranee
Poissons osseux,Poisson tigre goliath,Hydrocynus goliath,atlantique
Poissons osseux,Poisson-lanterne de Benoît,Hygophum benoiti,mediterranee
Poissons osseux,Lançon jolivet,Hyperoplus immaculatus,atlantique
Poissons osseux,Lançon commun,Hyperoplus lanceolatus,atlantique
Poissons osseux,Hypsophrys nicaraguensis,Hypsophrys nicaraguensis,atlantique
Poissons osseux,Demoiselle Garibaldi,Hypsypops rubicundus,atlantique
Poissons osseux,Poisson-chat bleu,Ictalurus furcatus,atlantique
Poissons osseux,Bonite à ventre rayé,Katsuwonus pelamis,atlantique
Poissons osseux,Kryptopterus vitreolus,Kryptopterus vitreolus,mediterranee
Poissons osseux,Calicagère blanche,Kyphosus sectatrix,mediterranee
Poissons osseux,Labidochromis caeruleus,Labidochromis caeruleus,atlantique
Poissons osseux,Labre nettoyeur commun,Labroides dimidiatus,"atlantique,mediterranee"
Poissons osseux,Vieille commune,Labrus bergylta,"atlantique,mediterranee"
Poissons osseux,Labre merle,Labrus merula,"atlantique,mediterranee"
Poissons osseux,Coquette,Labrus mixtus,"atlantique,mediterranee"
Poissons osseux,Labre vert,Labrus viridis,mediterranee
Poissons osseux,Lactophrys trigonus,Lactophrys trigonus,atlantique
Poissons osseux,Poisson-vache à longues cornes,Lactoria cornuta,"atlantique,mediterranee"
Poissons osseux,Compère océanique,Lagocephalus lagocephalus,atlantique
Poissons osseux,Labre iris,Lappanella fasciata,mediterranee
Poissons osseux,Perche du Nil,Lates niloticus,mediterranee
Poissons osseux,Gobie nain de Guillet,Lebetus guilleti,atlantique
Poissons osseux,Porte-écuelle de Candolle,Lepadogaster candolii,"atlantique,mediterranee"
Poissons osseux,Porte-écuelle,Lepadogaster lepadogaster,"atlantique,mediterranee"
Poissons osseux,Porte-écuelle de Cornouailles,Lepadogaster purpurea,"atlantique,mediterranee"
Poissons osseux,Sabre argenté,Lepidopus caudatus,mediterranee
Poissons osseux,Cardine à quatre taches,Lepidorhombus boscii,mediterranee
Poissons osseux,Cardine franche,Lepidorhombus whiffiagonis,mediterranee
Poissons osseux,Cavillone commun,Lepidotrigla cavillone,mediterranee
Poissons osseux,Lépisosté de Floride,Lepisosteus platyrhincus,atlantique
Poissons osseux,Perche soleil,Lepomis gibbosus,atlantique
Poissons osseux,Leporinus à bandes,Leporinus fasciatus,mediterranee
Poissons osseux,Gobie de Lesueur,Lesueurigobius suerii,mediterranee
Poissons osseux,Able de Heckel,Leucaspius delineatus,atlantique
Poissons osseux,Aspe,Leuciscus aspius,atlantique
Poissons osseux,Vandoise du Béarn,Leuciscus bearnensis,atlantique
Poissons osseux,Vandoise rostrée,Leuciscus burdigalensis,atlantique
Poissons osseux,Ide mélanote,Leuciscus idus,atlantique
Poissons osseux,Liche amie,Lichia amia,mediterranee
Poissons osseux,Limande commune,Limanda limanda,atlantique
Poissons osseux,Petite limace de mer,Liparis montagui,atlantique
Poissons osseux,Mordocet,Lipophrys pholis,atlantique
Poissons osseux,Blennie trigloïde,Lipophrys trigloides,"atlantique,mediterranee"
Poissons osseux,Marbré,Lithognathus mormyrus,"atlantique,mediterranee"
Poissons osseux,Baudroie rousse,Lophius budegassa,"atlantique,mediterranee"
Poissons osseux,Baudroie commune,Lophius piscatorius,"atlantique,mediterranee"
Poissons osseux,Barbeau ibérique,Luciobarbus bocagei,atlantique
Poissons osseux,Barbeau de Graells,Luciobarbus graellsii,"atlantique,mediterranee"
Poissons osseux,Vivaneau Chien rouge,Lutjanus bohar,atlantique
Poissons osseux,Vivaneau bourgeois,Lutjanus sebae,atlantique
Poissons osseux,Labre léopard,Macropharyngodon meleagris,atlantique
Poissons osseux,Macropodus opercularis,Macropodus opercularis,atlantique
Poissons osseux,Bécasse de mer,Macroramphosus scolopax,"atlantique,mediterranee"
Poissons osseux,Gobie nain à barres brunes,Marcelogobius splechtnai,mediterranee
Poissons osseux,Maylandia estherae,Maylandia estherae,mediterranee
Poissons osseux,Tarpon,Megalops atlanticus,"atlantique,mediterranee"
Poissons osseux,Melanochromis auratus,Melanochromis auratus,"atlantique,mediterranee"
Poissons osseux,Melanotaenia boesemani,Melanotaenia boesemani,atlantique
Poissons osseux,Baliste noir,Melichthys niger,atlantique
Poissons osseux,Merlan,Merlangius merlangus,"atlantique,mediterranee"
Poissons osseux,Merlu du Cap,Merluccius capensis,mediterranee
Poissons osseux,Merlu commun,Merluccius merluccius,"atlantique,mediterranee"
Poissons osseux,Metynnis hypsauchen,Metynnis hypsauchen,atlantique
Poissons osseux,Chabot nain,Micrenophrys lilljeborgii,atlantique
Poissons osseux,Sole-perdrix ocellée,Microchirus ocellatus,mediterranee
Poissons osseux,Blennie de Caneva,Microlipophrys canevae,mediterranee
Poissons osseux,Blennie dalmate,Microlipophrys dalmatinus,mediterranee
Poissons osseux,Blennie à tête noire,Microlipophrys nigriceps,mediterranee
Poissons osseux,Merlan bleu,Micromesistius poutassou,"atlantique,mediterranee"
Poissons osseux,Achigan à grande bouche,Micropterus nigricans,"atlantique,mediterranee"
Poissons osseux,Gobie nain à grosse tête,Millerigobius macrocephalus,mediterranee
Poissons osseux,Anthias pourpre,Mirolabrichthys tuka,atlantique
Poissons osseux,Poisson-lune,Mola mola,"atlantique,mediterranee"
Poissons osseux,Sole velue,Monochirus hispidus,mediterranee
Poissons osseux,Lune d'argent,Monodactylus argenteus,mediterranee
Poissons osseux,Mulet à grosse tête,Mugil cephalus,"atlantique,mediterranee"
Poissons osseux,Rouget barbet,Mullus barbatus,"atlantique,mediterranee"
Poissons osseux,Rouget de roche,Mullus surmuletus,"atlantique,mediterranee"
Poissons osseux,Murène (murène de Méditerranée),Muraena helena,"atlantique,mediterranee"
Poissons osseux,Mérou royal,Mycteroperca rubra,mediterranee
Poissons osseux,Myloplus schomburgkii,Myloplus schomburgkii,mediterranee
Poissons osseux,chaboisseau à épines courtes,Myoxocephalus scorpius,atlantique
Poissons osseux,Poisson-soldat de Berndt,Myripristis berndti,atlantique
Poissons osseux,Marignan Mombin,Myripristis jacobus,mediterranee
Poissons osseux,Nason à bordures blanches,Naso annulatus,atlantique
Poissons osseux,Nason à rostre court,Naso brevirostris,"atlantique,mediterranee"
Poissons osseux,Nason à épines oranges,Naso elegans,"atlantique,mediterranee"
Poissons osseux,Nason à éperons orange du Pacifique,Naso lituratus,mediterranee
Poissons osseux,Nason à éperons bleus,Naso unicornis,"atlantique,mediterranee"
Poissons osseux,Nason zébré,Naso vlamingii,"atlantique,mediterranee"
Poissons osseux,Poisson-pilote,Naucrates ductor,mediterranee
Poissons osseux,Eleotris décoré,Nemateleotris decora,mediterranee
Poissons osseux,Gobie de feu,Nemateleotris magnifica,atlantique
Poissons osseux,Tétra-empereur,Nematobrycon palmeri,mediterranee
Poissons osseux,Gobie à taches noires,Neogobius melanostomus,mediterranee
Poissons osseux,Nérophis lombricoïde,Nerophis lumbriciformis,"atlantique,mediterranee"
Poissons osseux,Nérophis tacheté,Nerophis maculatus,mediterranee
Poissons osseux,Nérophis à nez droit,Nerophis ophidion,"atlantique,mediterranee"
Poissons osseux,Nimbochromis livingstonii,Nimbochromis livingstonii,atlantique
Poissons osseux,Nimbochromis venustus,Nimbochromis venustus,mediterranee
Poissons osseux,Notolabrus gymnogenis,Notolabrus gymnogenis,atlantique
Poissons osseux,Oblade,Oblada melanurus,"atlantique,mediterranee"
Poissons osseux,Vivaneau queue jaune,Ocyurus chrysurus,atlantique
Poissons osseux,Gobie des Baléares,Odondebuenia balearica,mediterranee
Poissons osseux,Baliste bleu,Odonus niger,"atlantique,mediterranee"
Poissons osseux,Mulet labéon,Oedalechilus labeo,"atlantique,mediterranee"
Poissons osseux,Oligocottus maculosus,Oligocottus maculosus,atlantique
Poissons osseux,Olisthops cyanomelas,Olisthops cyanomelas,atlantique
Poissons osseux,Porte-écuelle grêle,Opeatogenys gracilis,mediterranee
Poissons osseux,Donzelle douce,Ophidion rochei,mediterranee
Poissons osseux,Blennie atlantique,Ophioblennius atlanticus,atlantique
Poissons osseux,Serpenton à long nez,Ophisurus serpens,mediterranee
Poissons osseux,Gourami,Osphronemus goramy,"atlantique,mediterranee"
Poissons osseux,Squelette de poisson (indéterminé),Osteichthyes (indéterminé),mediterranee
Poissons osseux,Arowana argenté,Osteoglossum bicirrhosum,"atlantique,mediterranee"
Poissons osseux,Poisson-Coffre Jaune,Ostracion cubicum,"atlantique,mediterranee"
Poissons osseux,Poisson-coffre pintade,Ostracion meleagris,"atlantique,mediterranee"
Poissons osseux,Poisson-faucon à long nez,Oxycirrhites typus,atlantique
Poissons osseux,Oxydoras niger,Oxydoras niger,mediterranee
Poissons osseux,Pachymetopon blochii,Pachymetopon blochii,atlantique
Poissons osseux,Pageot acarné,Pagellus acarne,"atlantique,mediterranee"
Poissons osseux,Dorade rose,Pagellus bogaraveo,"atlantique,mediterranee"
Poissons osseux,Pageot commun,Pagellus erythrinus,"atlantique,mediterranee"
Poissons osseux,Pagre rayé,Pagrus auriga,"atlantique,mediterranee"
Poissons osseux,Pagre commun,Pagrus pagrus,"atlantique,mediterranee"
Poissons osseux,Pangasius sutchi,Pangasianodon hypophthalmus,atlantique
Poissons osseux,Blennie gattorugine,Parablennius gattorugine,"atlantique,mediterranee"
Poissons osseux,Blennie diabolo,Parablennius incognitus,"atlantique,mediterranee"
Poissons osseux,Blennie pilicorne,Parablennius pilicornis,"atlantique,mediterranee"
Poissons osseux,Blennie de Roux,Parablennius rouxi,mediterranee
Poissons osseux,Blennie rouge,Parablennius ruber,atlantique
Poissons osseux,Blennie palmicorne,Parablennius sanguinolentus,"atlantique,mediterranee"
Poissons osseux,Blennie cornue,Parablennius tentacularis,mediterranee
Poissons osseux,Blennie de Zvonimir,Parablennius zvonimiri,mediterranee
Poissons osseux,Chirurgien-palette,Paracanthurus hepatus,"atlantique,mediterranee"
Poissons osseux,Neon,Paracheirodon axelrodi,"atlantique,mediterranee"
Poissons osseux,Neon,Paracheirodon innesi,"atlantique,mediterranee"
Poissons osseux,Parachondrostoma miegii,Parachondrostoma miegii,atlantique
Poissons osseux,Toxostome,Parachondrostoma toxostoma,mediterranee
Poissons osseux,Guapote tigre,Parachromis managuensis,mediterranee
Poissons osseux,Poisson-faucon à arcade,Paracirrhites arcatus,mediterranee
Poissons osseux,Grondeur rayé,Parapristipoma octolineatum,mediterranee
Poissons osseux,Évêque,Pareques acuminatus,mediterranee
Poissons osseux,Donzelle à nageoires jaunes,Parophidion vassali,mediterranee
Poissons osseux,Rouget-barbet doré,Parupeneus cyclostomus,atlantique
Poissons osseux,Rouget-barbet à trois selles,Parupeneus multifasciatus,atlantique
Poissons osseux,Sole-pole,Pegusa lascaris,"atlantique,mediterranee"
Poissons osseux,Sole-pole sombre,Pegusa nasuta,mediterranee
Poissons osseux,Perche commune,Perca fluviatilis,atlantique
Poissons osseux,Périophthalme,Periophthalmus barbarus,"atlantique,mediterranee"
Poissons osseux,Petitella bleheri,Petitella bleheri,mediterranee
Poissons osseux,Blennie bagnard,Pholidichthys leucotaenia,mediterranee
Poissons osseux,Gonnelle,Pholis gunnellus,atlantique
Poissons osseux,Vairon basque,Phoxinus bigerri,"atlantique,mediterranee"
Poissons osseux,Vairon de la Garonne,Phoxinus dragarum,mediterranee
Poissons osseux,Vairon commun,Phoxinus phoxinus,atlantique
Poissons osseux,Vairon du Languedoc,Phoxinus septimaniae,mediterranee
Poissons osseux,Poisson-chat à queue rouge,Phractocephalus hemioliopterus,mediterranee
Poissons osseux,Targie naine,Phrynorhombus norvegicus,atlantique
Poissons osseux,Mostelle de fond,Phycis blennoides,mediterranee
Poissons osseux,Mostelle de roche,Phycis phycis,mediterranee
Poissons osseux,Dragon de Mer Commun,Phyllopteryx taeniolatus,mediterranee
Poissons osseux,Piaractus brachypomus,Piaractus brachypomus,"atlantique,mediterranee"
Poissons osseux,Platax orbiculaire,Platax orbicularis,"atlantique,mediterranee"
Poissons osseux,Platax à nageoires jaunes,Platax pinnatus,atlantique
Poissons osseux,Platax à longues nageoires,Platax teira,mediterranee
Poissons osseux,Flet d'Europe,Platichthys flesus,"atlantique,mediterranee"
Poissons osseux,Diagramme moucheté,Plectorhinchus gaterinus,"atlantique,mediterranee"
Poissons osseux,Gaterin à lignes,Plectorhinchus lineatus,atlantique
Poissons osseux,Plie d’Europe,Pleuronectes platessa,atlantique
Poissons osseux,Guppy,Poecilia reticulata,"atlantique,mediterranee"
Poissons osseux,Molly,Poecilia sphenops,atlantique
Poissons osseux,Lieu jaune,Pollachius pollachius,atlantique
Poissons osseux,Lieu noir,Pollachius virens,atlantique
Poissons osseux,Cernier commun,Polyprion americanus,"atlantique,mediterranee"
Poissons osseux,Poisson-ange à anneau,Pomacanthus annularis,atlantique
Poissons osseux,Poisson-ange gris,Pomacanthus arcuatus,atlantique
Poissons osseux,Poisson-ange empereur,Pomacanthus imperator,"atlantique,mediterranee"
Poissons osseux,Poisson-ange géographe,Pomacanthus maculosus,"atlantique,mediterranee"
Poissons osseux,Poisson-ange français,Pomacanthus paru,"atlantique,mediterranee"
Poissons osseux,Poisson-ange à demi-cercles,Pomacanthus semicirculatus,"atlantique,mediterranee"
Poissons osseux,Demoiselle néon,Pomacentrus coelestis,atlantique
Poissons osseux,Grondeur métis,Pomadasys incisus,mediterranee
Poissons osseux,Tassergal,Pomatomus saltatrix,mediterranee
Poissons osseux,Gobie de Bath,Pomatoschistus bathi,mediterranee
Poissons osseux,Gobie nageur,Pomatoschistus flavescens,atlantique
Poissons osseux,Gobie marbré,Pomatoschistus marmoratus,mediterranee
Poissons osseux,Gobie tacheté,Pomatoschistus microps,"atlantique,mediterranee"
Poissons osseux,Gobie des sables,Pomatoschistus minutus,"atlantique,mediterranee"
Poissons osseux,Gobie varié,Pomatoschistus pictus,"atlantique,mediterranee"
Poissons osseux,Gobie quagga,Pomatoschistus quagga,mediterranee
Poissons osseux,Prionobrama filigera,Prionobrama filigera,mediterranee
Poissons osseux,Anthias verdâtre,Pseudanthias huchtii,atlantique
Poissons osseux,Anthias à tache carrée,Pseudanthias pleurotaenia,atlantique
Poissons osseux,Anthias à queue de lyre,Pseudanthias squamipinnis,atlantique
Poissons osseux,Gobie nageur de Ferrer,Pseudaphya ferreri,mediterranee
Poissons osseux,Carangue dentue,Pseudocaranx dentex,mediterranee
Poissons osseux,Labre six-lignes,Pseudocheilinus hexataenia,mediterranee
Poissons osseux,Apogon de Banggai,Pterapogon kauderni,"atlantique,mediterranee"
Poissons osseux,Rascasse volante de l'océan Indien,Pterois miles,"atlantique,mediterranee"
Poissons osseux,Rascasse volante de Russel,Pterois russelii,atlantique
Poissons osseux,Rascasse volante du Pacifique,Pterois volitans,"atlantique,mediterranee"
Poissons osseux,Scalaire,Pterophyllum scalare,"atlantique,mediterranee"
Poissons osseux,Rascasse volante à antennes,Pteropterus antennatus,atlantique
Poissons osseux,Rascasse à nageoires blanches,Pteropterus radiatus,atlantique
Poissons osseux,Pterygoplichthys gibbiceps,Pterygoplichthys gibbiceps,"atlantique,mediterranee"
Poissons osseux,Épinochette à queue lisse,Pungitius laevis,atlantique
Poissons osseux,Épinoche à neuf épines,Pungitius pungitius,atlantique
Poissons osseux,Puntigrus tetrazona,Puntigrus tetrazona,"atlantique,mediterranee"
Poissons osseux,Piranha rouge,Pygocentrus nattereri,"atlantique,mediterranee"
Poissons osseux,Poisson-ange duc,Pygoplites diacanthus,mediterranee
Poissons osseux,Trident,Raniceps raninus,atlantique
Poissons osseux,Régalec,Regalecus glesne,mediterranee
Poissons osseux,baliste-Picasso clair,Rhinecanthus aculeatus,"atlantique,mediterranee"
Poissons osseux,Baliste picasso arabe,Rhinecanthus assasi,mediterranee
Poissons osseux,Baliste Picasso à bandeau,Rhinecanthus rectangulus,atlantique
Poissons osseux,Murène ruban,Rhinomuraena quaesita,atlantique
Poissons osseux,Rohanella titteya,Rohanella titteya,atlantique
Poissons osseux,Gardon commun,Rutilus rutilus,atlantique
Poissons osseux,Blennie paon,Salaria pavo,"atlantique,mediterranee"
Poissons osseux,Blennie rayée,Salarias fasciatus,atlantique
Poissons osseux,Blennie fluviatile,Salariopsis fluviatilis,mediterranee
Poissons osseux,Truite à grosses taches,Salmo cettii,mediterranee
Poissons osseux,Truite du Rhône,Salmo rhodanensis,mediterranee
Poissons osseux,Saumon atlantique,Salmo salar,"atlantique,mediterranee"
Poissons osseux,Truite commune européenne,Salmo trutta,atlantique
Poissons osseux,omble chevalier,Salvelinus alpinus,atlantique
Poissons osseux,Omble de fontaine,Salvelinus fontinalis,"atlantique,mediterranee"
Poissons osseux,Bonite à dos rayé,Sarda sarda,"atlantique,mediterranee"
Poissons osseux,Sardine d’Europe,Sardina pilchardus,"atlantique,mediterranee"
Poissons osseux,Sardinelle ronde,Sardinella aurita,mediterranee
Poissons osseux,Écureuil diadème,Sargocentron diadema,atlantique
Poissons osseux,Marignan sabre,Sargocentron spiniferum,atlantique
Poissons osseux,Saupe,Sarpa salpa,"atlantique,mediterranee"
Poissons osseux,Sawbwa resplendens,Sawbwa resplendens,mediterranee
Poissons osseux,Rotengle,Scardinius erythrophthalmus,atlantique
Poissons osseux,Blennie chevelue,Scartella cristata,mediterranee
Poissons osseux,Perroquet à bandes bleues,Scarus ghobban,atlantique
Poissons osseux,perroquet rayé,Scarus iseri,atlantique
Poissons osseux,Perroquet de Quoy,Scarus quoyi,atlantique
Poissons osseux,perroquet princesse,Scarus taeniopterus,atlantique
Poissons osseux,Perroquet périco,Scarus vetula,atlantique
Poissons osseux,Scatophage argenté,Scatophagus argus,atlantique
Poissons osseux,Rouffe impérial,Schedophilus ovalis,mediterranee
Poissons osseux,Corb,Sciaena umbra,"atlantique,mediterranee"
Poissons osseux,tambour rouge,Sciaenops ocellatus,mediterranee
Poissons osseux,Maquereau espagnol atlantique,Scomber colias,"atlantique,mediterranee"
Poissons osseux,Maquereau commun,Scomber scombrus,"atlantique,mediterranee"
Poissons osseux,Balaou atlantique,Scomberesox saurus,atlantique
Poissons osseux,Turbot commun,Scophthalmus maximus,"atlantique,mediterranee"
Poissons osseux,Barbue,Scophthalmus rhombus,"atlantique,mediterranee"
Poissons osseux,Rascasse rose,Scorpaena elongata,mediterranee
Poissons osseux,Rascasse de Madère,Scorpaena maderensis,mediterranee
Poissons osseux,Petite rascasse rouge,Scorpaena notata,"atlantique,mediterranee"
Poissons osseux,Rascasse brune,Scorpaena porcus,"atlantique,mediterranee"
Poissons osseux,Grande rascasse rouge,Scorpaena scrofa,"atlantique,mediterranee"
Poissons osseux,Sebastes norvegicus,Sebastes norvegicus,mediterranee
Poissons osseux,Sélar coulisou,Selar crumenophthalmus,atlantique
Poissons osseux,Musso panache,Selene vomer,atlantique
Poissons osseux,Semaprochilodus insignis,Semaprochilodus insignis,mediterranee
Poissons osseux,Mulet à cornes,Semotilus atromaculatus,atlantique
Poissons osseux,Sériole couronnée,Seriola dumerili,"atlantique,mediterranee"
Poissons osseux,Sériole limon,Seriola rivoliana,atlantique
Poissons osseux,Serran à queue noire,Serranus atricauda,mediterranee
Poissons osseux,Serran commun,Serranus cabrilla,"atlantique,mediterranee"
Poissons osseux,Serran-hépate,Serranus hepatus,"atlantique,mediterranee"
Poissons osseux,Serran écriture,Serranus scriba,"atlantique,mediterranee"
Poissons osseux,Serran-tabac,Serranus tabacarius,mediterranee
Poissons osseux,Serran tigré,Serranus tigrinus,"atlantique,mediterranee"
Poissons osseux,Sigan corail,Siganus corallinus,atlantique
Poissons osseux,Sigan barré,Siganus doliatus,mediterranee
Poissons osseux,Sigan raies d'or,Siganus guttatus,"atlantique,mediterranee"
Poissons osseux,Siganus unimaculatus,Siganus unimaculatus,mediterranee
Poissons osseux,Siganus uspi,Siganus uspi,atlantique
Poissons osseux,Picot renard,Siganus vulpinus,mediterranee
Poissons osseux,esturgeon blanc,Sinosturio transmontanus,atlantique
Poissons osseux,Skiffia multipunctata,Skiffia multipunctata,atlantique
Poissons osseux,Sole égyptienne,Solea aegyptiaca,mediterranee
Poissons osseux,Sole du Sénégal,Solea senegalensis,"atlantique,mediterranee"
Poissons osseux,Sole commune,Solea solea,"atlantique,mediterranee"
Poissons osseux,Perroquet méditerranéen,Sparisoma cretense,mediterranee
Poissons osseux,Dorade royale,Sparus aurata,"atlantique,mediterranee"
Poissons osseux,Speleogobius llorisi,Speleogobius llorisi,mediterranee
Poissons osseux,Gobie trigloïde,Speleogobius trigloides,mediterranee
Poissons osseux,Apogon-pyjama,Sphaeramia nematoptera,"atlantique,mediterranee"
Poissons osseux,Grand Barracuda,Sphyraena barracuda,atlantique
Poissons osseux,Barracuda / Bécune,Sphyraena sphyraena,mediterranee
Poissons osseux,Bécune à bouche jaune,Sphyraena viridensis,mediterranee
Poissons osseux,Gerle,Spicara flexuosum,mediterranee
Poissons osseux,Mendole,Spicara maena,"atlantique,mediterranee"
Poissons osseux,Picarel commun,Spicara smaris,mediterranee
Poissons osseux,Épinoche de mer,Spinachia spinachia,atlantique
Poissons osseux,Dorade grise,Spondyliosoma cantharus,"atlantique,mediterranee"
Poissons osseux,Sprat,Sprattus sprattus,"atlantique,mediterranee"
Poissons osseux,Chevesne commun,Squalius cephalus,atlantique
Poissons osseux,Chevesne catalan,Squalius laietanus,mediterranee
Poissons osseux,Chevesne d'Italie,Squalius squalus,mediterranee
Poissons osseux,Stiphodon ornatus,Stiphodon ornatus,mediterranee
Poissons osseux,Baliste boomerang,Sufflamen bursa,atlantique
Poissons osseux,Crénilabre de Baillon,Symphodus bailloni,atlantique
Poissons osseux,Crénilabre cendré,Symphodus cinereus,"atlantique,mediterranee"
Poissons osseux,Crénilabre de Doderlein,Symphodus doderleini,mediterranee
Poissons osseux,Crénilabre méditerranéen,Symphodus mediterraneus,mediterranee
Poissons osseux,Crénilabre à queue noire,Symphodus melanocercus,mediterranee
Poissons osseux,Crénilabre mélops,Symphodus melops,"atlantique,mediterranee"
Poissons osseux,Crénilabre ocellé,Symphodus ocellatus,mediterranee
Poissons osseux,Crénilabre à cinq taches,Symphodus roissali,"atlantique,mediterranee"
Poissons osseux,Sublet,Symphodus rostratus,"atlantique,mediterranee"
Poissons osseux,Crénilabre paon,Symphodus tinca,"atlantique,mediterranee"
Poissons osseux,Symphorichthys spilurus,Symphorichthys spilurus,"atlantique,mediterranee"
Poissons osseux,Discus de Heckel,Symphysodon discus,mediterranee
Poissons osseux,Poisson-pierre commun,Synanceia verrucosa,"atlantique,mediterranee"
Poissons osseux,Sole tachetée,Synapturichthys kleinii,"atlantique,mediterranee"
Poissons osseux,Synchiropus picturatus,Synchiropus picturatus,"atlantique,mediterranee"
Poissons osseux,Poisson mandarin,Synchiropus splendidus,"atlantique,mediterranee"
Poissons osseux,Syngnathe de lagune,Syngnathus abaster,"atlantique,mediterranee"
Poissons osseux,Syngnathe-aiguille,Syngnathus acus,"atlantique,mediterranee"
Poissons osseux,Syngnathe de Californie,Syngnathus californiensis,atlantique
Poissons osseux,Syngnathe perçat,Syngnathus rostellatus,atlantique
Poissons osseux,Syngnathe à long museau de Méditerranée occidentale,Syngnathus tenuirostris,mediterranee
Poissons osseux,Siphonostome,Syngnathus typhle,"atlantique,mediterranee"
Poissons osseux,Poisson-lézard rayé,Synodus saurus,mediterranee
Poissons osseux,Néon du pauvre,Tanichthys albonubes,"atlantique,mediterranee"
Poissons osseux,Chabot-buffle,Taurulus bubalis,atlantique
Poissons osseux,Blageon italien,Telestes muticellus,mediterranee
Poissons osseux,Blageon commun,Telestes souffia,mediterranee
Poissons osseux,Marlin de la Méditerranée,Tetrapturus belone,mediterranee
Poissons osseux,Poisson-coffre à bosse,Tetrosomus gibbosus,mediterranee
Poissons osseux,Girelle à tête bleue,Thalassoma bifasciatum,atlantique
Poissons osseux,Girelle-paon vert-bleu,Thalassoma lunare,"atlantique,mediterranee"
Poissons osseux,Girelle paon,Thalassoma pavo,"atlantique,mediterranee"
Poissons osseux,Poisson-pingouin,Thayeria boehlkei,mediterranee
Poissons osseux,Gobie léopard,Thorogobius ephippiatus,"atlantique,mediterranee"
Poissons osseux,Gobie à grandes écailles,Thorogobius macrolepis,mediterranee
Poissons osseux,Thon germon,Thunnus alalunga,mediterranee
Poissons osseux,Thon albacore,Thunnus albacares,mediterranee
Poissons osseux,Thon rouge de l'Atlantique,Thunnus thynnus,"atlantique,mediterranee"
Poissons osseux,Thon mignon,Thunnus tonggol,atlantique
Poissons osseux,Ombre commun,Thymallus thymallus,"atlantique,mediterranee"
Poissons osseux,Poisson-archer commun,Toxotes chatareus,mediterranee
Poissons osseux,Poisson-archer à bandes noires,Toxotes jaculatrix,"atlantique,mediterranee"
Poissons osseux,Pompaneau guatie,Trachinotus goodei,mediterranee
Poissons osseux,Palomine,Trachinotus ovatus,"atlantique,mediterranee"
Poissons osseux,Vive-araignée,Trachinus araneus,mediterranee
Poissons osseux,Grande Vive,Trachinus draco,"atlantique,mediterranee"
Poissons osseux,Vive rayée,Trachinus radiatus,mediterranee
Poissons osseux,Chinchard à queue jaune,Trachurus mediterraneus,"atlantique,mediterranee"
Poissons osseux,Chinchard du large,Trachurus picturatus,mediterranee
Poissons osseux,Chinchard commun,Trachurus trachurus,"atlantique,mediterranee"
Poissons osseux,Trichogaster fasciata,Trichogaster fasciata,atlantique
Poissons osseux,Trichopodus leerii,Trichopodus leerii,"atlantique,mediterranee"
Poissons osseux,Gourami bleu,Trichopodus trichopterus,atlantique
Poissons osseux,Grondin lyre,Trigla lyra,"atlantique,mediterranee"
Poissons osseux,Trigonostigma heteromorpha,Trigonostigma heteromorpha,mediterranee
Poissons osseux,Triptérygion jaune,Tripterygion delaisi,"atlantique,mediterranee"
Poissons osseux,Triptérygion nain,Tripterygion melanurus,mediterranee
Poissons osseux,Triptérygion rouge andalou,Tripterygion tartessicum,mediterranee
Poissons osseux,Triptérygion à bec,Tripterygion tripteronotum,mediterranee
Poissons osseux,Capelan de Méditerranée,Trisopterus capelanus,mediterranee
Poissons osseux,Tacaud commun,Trisopterus luscus,atlantique
Poissons osseux,Capelan,Trisopterus minutus,atlantique
Poissons osseux,Ombrine bronze,Umbrina canariensis,"atlantique,mediterranee"
Poissons osseux,Ombrine commune,Umbrina cirrosa,"atlantique,mediterranee"
Poissons osseux,Ombrine à nageoire jaune,Umbrina roncador,atlantique
Poissons osseux,Uranoscope atlantique,Uranoscopus scaber,mediterranee
Poissons osseux,Cyprinodonte de Valence,Valencia hispanica,mediterranee
Poissons osseux,Gobie à six taches,Valenciennea sexguttata,mediterranee
Poissons osseux,Gobie nain de Dollfus,Vanneaugobius dollfusi,mediterranee
Poissons osseux,Cichlidé à tête rouge-feu,Vieja melanurus,mediterranee
Poissons osseux,Baliste doré,Xanthichthys auromarginatus,mediterranee
Poissons osseux,Espadon,Xiphias gladius,"atlantique,mediterranee"
Poissons osseux,Platy,Xiphophorus maculatus,atlantique
Poissons osseux,Rason perlé,Xyrichtys novacula,mediterranee
Poissons osseux,Idole maure,Zanclus cornutus,atlantique
Poissons osseux,Chirurgien-voile indien,Zebrasoma desjardinii,"atlantique,mediterranee"
Poissons osseux,Chirurgien jaune,Zebrasoma flavescens,"atlantique,mediterranee"
Poissons osseux,Chirurgien-voile brun,Zebrasoma scopas,mediterranee
Poissons osseux,Chirurgien-voile du Pacifique,Zebrasoma velifer,mediterranee
Poissons osseux,Chirurgien à queue jaune,Zebrasoma xanthurum,mediterranee
Poissons osseux,Gobie zébré de Pallaoro,Zebrus pallaoroi,mediterranee
Poissons osseux,Gobie zébré,Zebrus zebrus,mediterranee
Poissons osseux,Targeur,Zeugopterus punctatus,atlantique
Poissons osseux,Targie unimaculée,Zeugopterus regius,"atlantique,mediterranee"
Poissons osseux,Saint-Pierre,Zeus faber,"atlantique,mediterranee"
Poissons osseux,Zoogoneticus tequila,Zoogoneticus tequila,atlantique
Tétrapode,Serpent marin olivâtre,Aipysurus laevis,"indo-pacifique,pacifique"
Tétrapode,Iguane marin des Galápagos,Amblyrhynchus cristatus,pacifique
Tétrapode,Otarie à fourrure d'Amérique du Sud,Arctocephalus australis,"atlantique,pacifique"
Tétrapode,Otarie à fourrure d'Afrique du Sud,Arctocephalus pusillus,"atlantique,ocean-indien"
Tétrapode,Petit rorqual,Balaenoptera acutorostrata,"atlantique,mediterranee,pacifique"
Tétrapode,Rorqual bleu,Balaenoptera musculus,"atlantique,ocean-indien,pacifique"
Tétrapode,Rorqual commun,Balaenoptera physalus,"atlantique,mediterranee,pacifique"
Tétrapode,Tortue caouanne,Caretta caretta,"atlantique,mediterranee"
Tétrapode,Tortue verte,Chelonia mydas,"atlantique,caraibes,indo-pacifique,mediterranee,mer-rouge,ocean-indien,pacifique"
Tétrapode,Crocodile marin,Crocodylus porosus,"indo-pacifique,ocean-indien,pacifique"
Tétrapode,Béluga,Delphinapterus leucas,"atlantique,pacifique"
Tétrapode,Dauphin commun,Delphinus delphis,"atlantique,mediterranee,pacifique"
Tétrapode,Tortue luth,Dermochelys coriacea,"atlantique,caraibes,mediterranee,ocean-indien,pacifique"
Tétrapode,Dugong,Dugong dugon,"indo-pacifique,mer-rouge,ocean-indien,pacifique"
Tétrapode,Tortue imbriquée,Eretmochelys imbricata,"caraibes,indo-pacifique,mer-rouge,ocean-indien,pacifique"
Tétrapode,Baleine grise,Eschrichtius robustus,pacifique
Tétrapode,Baleine franche australe,Eubalaena australis,"atlantique,ocean-indien,pacifique"
Tétrapode,Baleine franche de l'Atlantique Nord,Eubalaena glacialis,atlantique
Tétrapode,Globicéphale tropical,Globicephala macrorhynchus,"caraibes,indo-pacifique,ocean-indien,pacifique"
Tétrapode,Globicéphale noir,Globicephala melas,"atlantique,mediterranee"
Tétrapode,Dauphin de Risso,Grampus griseus,"atlantique,mediterranee,pacifique"
Tétrapode,Phoque gris,Halichoerus grypus,atlantique
Tétrapode,Serpent marin à ventre jaune,Hydrophis platurus,"indo-pacifique,ocean-indien,pacifique"
Tétrapode,Phoque léopard,Hydrurga leptonyx,"atlantique,ocean-indien,pacifique"
Tétrapode,Tricot rayé,Laticauda colubrina,"indo-pacifique,ocean-indien,pacifique"
Tétrapode,Tortue de Kemp,Lepidochelys kempii,"atlantique,caraibes"
Tétrapode,Tortue olivâtre,Lepidochelys olivacea,"atlantique,indo-pacifique,ocean-indien,pacifique"
Tétrapode,Phoque de Weddell,Leptonychotes weddellii,"atlantique,ocean-indien,pacifique"
Tétrapode,Baleine à bosse,Megaptera novaeangliae,"atlantique,caraibes,indo-pacifique,ocean-indien,pacifique"
Tétrapode,Phoque moine de Méditerranée,Monachus monachus,"atlantique,mediterranee"
Tétrapode,Narval,Monodon monoceros,atlantique
Tétrapode,Tortue à dos plat,Natator depressus,"indo-pacifique,pacifique"
Tétrapode,Phoque moine d'Hawaï,Neomonachus schauinslandi,pacifique
Tétrapode,Lion de mer d'Australie,Neophoca cinerea,"indo-pacifique,pacifique"
Tétrapode,Morse,Odobenus rosmarus,"atlantique,pacifique"
Tétrapode,Orque,Orcinus orca,"atlantique,mediterranee,ocean-indien,pacifique"
Tétrapode,Phoque veau-marin,Phoca vitulina,"atlantique,pacifique"
Tétrapode,Marsouin commun,Phocoena phocoena,"atlantique,mediterranee"
Tétrapode,Cachalot,Physeter macrocephalus,"atlantique,mediterranee,ocean-indien,pacifique"
Tétrapode,Dauphin à bosse de l'Indo-Pacifique,Sousa chinensis,"indo-pacifique,ocean-indien"
Tétrapode,Dauphin tacheté pantropical,Stenella attenuata,"caraibes,indo-pacifique,ocean-indien,pacifique"
Tétrapode,Dauphin bleu et blanc,Stenella coeruleoalba,"atlantique,mediterranee"
Tétrapode,Dauphin à long bec,Stenella longirostris,"caraibes,indo-pacifique,mer-rouge,ocean-indien,pacifique"
Tétrapode,Sténo rostré,Steno bredanensis,"caraibes,indo-pacifique,pacifique"
Tétrapode,Lamantin des Caraïbes,Trichechus manatus,"atlantique,caraibes"
Tétrapode,Lamantin d'Afrique,Trichechus senegalensis,atlantique
Tétrapode,Grand dauphin,Tursiops truncatus,"atlantique,caraibes,indo-pacifique,mediterranee,mer-rouge,ocean-indien,pacifique"
Tétrapode,Otarie de Californie,Zalophus californianus,pacifique
Tétrapode,Baleine à bec de Cuvier,Ziphius cavirostris,"atlantique,mediterranee,pacifique"
Urochordé,Aplidium accarense,Aplidium accarense,mediterranee
Urochordé,Aplidium bleu cendré,Aplidium asperum,"atlantique,mediterranee"
Urochordé,Aplidium benhami,Aplidium benhami,mediterranee
Urochordé,Aplidium coeruleum,Aplidium coeruleum,atlantique
Urochordé,Aplidium conique,Aplidium conicum,mediterranee
Urochordé,Fraise de mer,Aplidium elegans,"atlantique,mediterranee"
Urochordé,Ascidie chocolat,Aplidium fuscum,mediterranee
Urochordé,Aplidium glabre,Aplidium glabrum,"atlantique,mediterranee"
Urochordé,Aplidium haouarianum,Aplidium haouarianum,mediterranee
Urochordé,Aplidium de Nordmann,Aplidium nordmanni,"atlantique,mediterranee"
Urochordé,Aplidium ocellé,Aplidium ocellatum,"atlantique,mediterranee"
Urochordé,Flocon pédonculé blanc,Aplidium pallidum,atlantique
Urochordé,Ascidie coloniale ovoïde,Aplidium proliferum,"atlantique,mediterranee"
Urochordé,Flocon pédonculé orange,Aplidium punctum,"atlantique,mediterranee"
Urochordé,Aplidium tabarquensis,Aplidium tabarquensis,mediterranee
Urochordé,Flocon pédonculé trompette,Aplidium turbinatum,"atlantique,mediterranee"
Urochordé,Archidistoma aggregatum,Archidistoma aggregatum,"atlantique,mediterranee"
Urochordé,Ascidie coquillière,Ascidia conchilega,"atlantique,mediterranee"
Urochordé,Ascidie rose,Ascidia mentula,"atlantique,mediterranee"
Urochordé,Ascidie rectangulaire,Ascidia virginea,atlantique
Urochordé,Ascidie sale,Ascidiella aspersa,"atlantique,mediterranee"
Urochordé,Ascidie rugueuse,Ascidiella scabra,"atlantique,mediterranee"
Urochordé,Ascidie boussole,Asterocarpa humilis,atlantique
Urochordé,Bolteniopsis de Prenant,Bolteniopsis prenanti,atlantique
Urochordé,Botrylle cristallin,Botrylloides crystallinus,mediterranee
Urochordé,Botrylle de San Diego,Botrylloides diegensis,"atlantique,mediterranee"
Urochordé,Botrylloides giganteus,Botrylloides giganteus,"atlantique,mediterranee"
Urochordé,Botrylle de Leach,Botrylloides leachii,"atlantique,mediterranee"
Urochordé,Botrylloides fer à cheval orange,Botrylloides niger,mediterranee
Urochordé,Botrylle violet,Botrylloides violaceus,"atlantique,mediterranee"
Urochordé,Botryllus renierii,Botryllus renierii,"atlantique,mediterranee"
Urochordé,Botrylle étoilé,Botryllus schlosseri,"atlantique,mediterranee"
Urochordé,Cione jaune de Edwards,Ciona edwardsi,mediterranee
Urochordé,Cione aux siphons rouges,Ciona intermedia,mediterranee
Urochordé,Cione intestinale,Ciona intestinalis,"atlantique,mediterranee"
Urochordé,Cione robuste,Ciona robusta,"atlantique,mediterranee"
Urochordé,Cione rouge de Roule,Ciona roulii,mediterranee
Urochordé,Ciona savignyi,Ciona savignyi,atlantique
Urochordé,Claveline bleutée de Méditerranée,Clavelina dellavallei,mediterranee
Urochordé,Claveline rose,Clavelina gemmae,mediterranee
Urochordé,Claveline,Clavelina lepadiformis,"atlantique,mediterranee"
Urochordé,Claveline vaporeuse,Clavelina oblonga,mediterranee
Urochordé,Claveline de sabbadini,Clavelina sabbadini,mediterranee
Urochordé,Ascidie à pied large,Cnemidocarpa finmarkiensis,atlantique
Urochordé,Ascidie cartilagineuse,Corella eumyota,atlantique
Urochordé,Ascidie quadrillée,Corella parallelogramma,"atlantique,mediterranee"
Urochordé,Ascidie coloniale pourpre,Cystodytes dellechiajei,mediterranee
Urochordé,Ascidie groseille,Dendrodoa grossularia,atlantique
Urochordé,Diazone violette,Diazona violacea,"atlantique,mediterranee"
Urochordé,Didemne coccinelle,Didemnum coccineum,mediterranee
Urochordé,Didemnide commun,Didemnum commune,mediterranee
Urochordé,Didemne coriace,Didemnum coriaceum,"atlantique,mediterranee"
Urochordé,Didemne orange du coralligène,Didemnum drachi,mediterranee
Urochordé,Didemnide éclatant,Didemnum fulgens,"atlantique,mediterranee"
Urochordé,Didemne de Lahille,Didemnum lahillei,"atlantique,mediterranee"
Urochordé,Didemne variable,Didemnum maculosum,"atlantique,mediterranee"
Urochordé,Didemne miel,Didemnum peyrefittense,mediterranee
Urochordé,Didemne charnu et noir,Didemnum protectum,mediterranee
Urochordé,Didemnide flamboyant,Didemnum pseudofulgens,"atlantique,mediterranee"
Urochordé,Didemne étendard,Didemnum vexillum,"atlantique,mediterranee"
Urochordé,Diplosoma carnosum,Diplosoma carnosum,mediterranee
Urochordé,Didemne gélatineux et transparent,Diplosoma listerianum,"atlantique,mediterranee"
Urochordé,Diplosoma singulare,Diplosoma singulare,mediterranee
Urochordé,Didemne spongieux,Diplosoma spongiforme,"atlantique,mediterranee"
Urochordé,Distaplia des bermudes,Distaplia bermudensis,mediterranee
Urochordé,Distaplia à grande larve,Distaplia magnilarva,mediterranee
Urochordé,Distaplia occidentalis,Distaplia occidentalis,atlantique
Urochordé,Distome sombre,Distomus fuscus,mediterranee
Urochordé,Distome de Hupfer,Distomus hupferi,atlantique
Urochordé,Ascidie varioleuse,Distomus variolosus,atlantique
Urochordé,Doliole,Dolioletta gegenbauri,mediterranee
Urochordé,Ascidie miniature jaunâtre,Ecteinascidia herdmani,mediterranee
Urochordé,Ascidie de mangrove,Ecteinascidia turbinata,mediterranee
Urochordé,Eudistoma de Banyuls,Eudistoma banyulense,mediterranee
Urochordé,Eudistoma jaune résineux,Eudistoma mucosum,mediterranee
Urochordé,Ascidie rouge,Halocynthia papillosa,"atlantique,mediterranee"
Urochordé,Helicosalpa virgula,Helicosalpa virgula,mediterranee
Urochordé,Appendiculaire ellipsoïdal,Kowalevskia tenuis,mediterranee
Urochordé,Didemne lisse perforé,Lissoclinum perforatum,"atlantique,mediterranee"
Urochordé,Ascidie coloniale beige,Lissoclinum weigelei,"atlantique,mediterranee"
Urochordé,Metandrocarpa dura,Metandrocarpa dura,atlantique
Urochordé,Ascidie boiteuse,Microcosmus claudicans,"atlantique,mediterranee"
Urochordé,Microcosme rude,Microcosmus exasperatus,mediterranee
Urochordé,Violet à crête dorsale,Microcosmus nudistigma,mediterranee
Urochordé,Violet de roche,Microcosmus polymorphus,mediterranee
Urochordé,Figue de mer,Microcosmus sabatieri,mediterranee
Urochordé,Microcosme à écailles,Microcosmus squamiger,"atlantique,mediterranee"
Urochordé,Molgule carénée,Molgula appendiculata,mediterranee
Urochordé,Molgule du Loup,Molgula bleizi,atlantique
Urochordé,Molgula citrina,Molgula citrina,atlantique
Urochordé,Molgula complanata,Molgula complanata,atlantique
Urochordé,Molgule de Manhattan,Molgula manhattensis,"atlantique,mediterranee"
Urochordé,Molgula occulta,Molgula occulta,atlantique
Urochordé,Grande molgule ensablée,Molgula oculata,atlantique
Urochordé,Molgula simplex,Molgula simplex,atlantique
Urochordé,Molgula sluiteri,Molgula sluiteri,atlantique
Urochordé,Molgule sociale,Molgula socialis,atlantique
Urochordé,Flocon pédonculé rouge,Morchellium argus,"atlantique,mediterranee"
Urochordé,Oikopleura dioica,Oikopleura dioica,atlantique
Urochordé,Salpe Pégée,Pegea confoederata,"atlantique,mediterranee"
Urochordé,Pérophore japonaise,Perophora japonica,"atlantique,mediterranee"
Urochordé,Ascidie-clochette d'Europe,Perophora listeri,"atlantique,mediterranee"
Urochordé,Ascidie-clochette verte,Perophora viridis,"atlantique,mediterranee"
Urochordé,Ascidie noire,Phallusia fumigata,mediterranee
Urochordé,Ascidie blanche,Phallusia mammillata,"atlantique,mediterranee"
Urochordé,Ascidie noire lisse,Phallusia nigra,"atlantique,mediterranee"
Urochordé,Polyandrocarpe de Zorritos,Polyandrocarpa zorritensis,mediterranee
Urochordé,Polycarpe rustique,Polycarpa errans,atlantique
Urochordé,Polycarpe fibreuse,Polycarpa fibrosa,atlantique
Urochordé,Polycarpe mamelonnée,Polycarpa mamillaris,"atlantique,mediterranee"
Urochordé,Polycarpe fruit,Polycarpa pomaria,"atlantique,mediterranee"
Urochordé,Polycarpe rouge,Polycarpa scuba,"atlantique,mediterranee"
Urochordé,Polycarpa tenera,Polycarpa tenera,atlantique
Urochordé,Polycarpa violacea,Polycarpa violacea,atlantique
Urochordé,Polycitor adriaticus,Polycitor adriaticus,mediterranee
Urochordé,Ascidie-cristal,Polycitor crystallinus,mediterranee
Urochordé,Polycitor searli,Polycitor searli,atlantique
Urochordé,Polyclinidé vert sombre,Polyclinella azemai,mediterranee
Urochordé,Couille d'âne,Polyclinum aurantium,atlantique
Urochordé,Didemne jaune,Polysyncraton bilobatum,"atlantique,mediterranee"
Urochordé,Synascidie de Lacaze,Polysyncraton lacazei,"atlantique,mediterranee"
Urochordé,Couenne de mer de médittéranée,Pseudodistoma crucigaster,mediterranee
Urochordé,Pseudodistoma corse,Pseudodistoma cyrnusense,mediterranee
Urochordé,Ascidie globuleuse de Méditerranée,Pseudodistoma obscurum,mediterranee
Urochordé,Claveline naine de l'Atlantique,Pycnoclavella atlantica,mediterranee
Urochordé,Ascidiole néon,Pycnoclavella aurilucens,"atlantique,mediterranee"
Urochordé,Claveline naine de la Costa Brava,Pycnoclavella brava,mediterranee
Urochordé,Claveline naine commune,Pycnoclavella communis,mediterranee
Urochordé,Claveline naine aux siphons jaunes,Pycnoclavella nana,mediterranee
Urochordé,Claveline naine de Naples,Pycnoclavella neapolitana,mediterranee
Urochordé,Claveline naine allongée,Pycnoclavella producta,atlantique
Urochordé,Ascidie tête d'épingle,Pycnoclavella stolonialis,atlantique
Urochordé,Pycnoclavella taureanensis,Pycnoclavella taureanensis,mediterranee
Urochordé,Pyrosome,Pyrosoma atlanticum,mediterranee
Urochordé,Violet à bouche rose,Pyura dura,mediterranee
Urochordé,Ascidie petit monde,Pyura microcosmus,"atlantique,mediterranee"
Urochordé,Pyura écailleuse,Pyura squamulosa,"atlantique,mediterranee"
Urochordé,Ascidie mosaïque,Pyura tessellata,"atlantique,mediterranee"
Urochordé,Diazone napolitaine,Rhopalaea neapolitana,mediterranee
Urochordé,Salpa fusiformis,Salpa fusiformis,"atlantique,mediterranee"
Urochordé,Salpe géante,Salpa maxima,mediterranee
Urochordé,Salpa thompsoni,Salpa thompsoni,mediterranee
Urochordé,Sidneioides d'Ibiza,Sidneioides ivicense,mediterranee
Urochordé,Soestia zonaria,Soestia zonaria,"atlantique,mediterranee"
Urochordé,Mirabelle de mer,Stolonica socialis,atlantique
Urochordé,Styela étoilé,Styela canopus,"atlantique,mediterranee"
Urochordé,Ascidie japonaise,Styela clava,"atlantique,mediterranee"
Urochordé,Ascidie plissée,Styela plicata,"atlantique,mediterranee"
Urochordé,Symplegma de Brakenhielm,Symplegma brakenhielmi,atlantique
Urochordé,Symplegma cerclé de rouge,Symplegma rubra,"atlantique,mediterranee"
Urochordé,Ascidie de Blochmann,Synoicum blochmanni,mediterranee
Urochordé,Synoicum incrustatum,Synoicum incrustatum,atlantique
Urochordé,Figue de mer,Synoicum pulmonaria,atlantique
Urochordé,Salpe démocratique,Thalia democratica,"atlantique,mediterranee"
Urochordé,Salpe Thétys,Thetys vagina,"atlantique,mediterranee"
Urochordé,Didemnide cire,Trididemnum cereum,"atlantique,mediterranee"
Urochordé,Trididemnum delesseriae,Trididemnum delesseriae,atlantique
Urochordé,Trididemnum inarmatum,Trididemnum inarmatum,mediterranee
Ver,Abarenicola pacifica,Abarenicola pacifica,mediterranee
Ver,Abyssoninoe hibernica,Abyssoninoe hibernica,atlantique
Ver,Acholoe squamosa,Acholoe squamosa,mediterranee
Ver,Acromegalomma lanigerum,Acromegalomma lanigerum,mediterranee
Ver,Mégalomma,Acromegalomma vesiculosum,"atlantique,mediterranee"
Ver,Aglaophamus agilis,Aglaophamus agilis,atlantique
Ver,Aglaophamus macroura,Aglaophamus macroura,atlantique
Ver,small snail leech,Alboglossiphonia heteroclita,
Ver,Alboglossiphonia hyalina,Alboglossiphonia hyalina,
Ver,Annélide gélatineux,Alentia gelatinosa,"atlantique,mediterranee"
Ver,Néréis commun,Alitta succinea,"atlantique,mediterranee"
Ver,Néréis verte,Alitta virens,atlantique
Ver,Green Worm,Allolobophora chlorotica,
Ver,Amaeana trilobata,Amaeana trilobata,
Ver,Amblyosyllis spectabilis,Amblyosyllis spectabilis,"atlantique,mediterranee"
Ver,Ampharete baltica,Ampharete baltica,atlantique
Ver,bristleworm,Ampharete falcata,
Ver,Ampharete finmarchica,Ampharete finmarchica,
Ver,Ampharete lindstroemi,Ampharete lindstroemi,atlantique
Ver,Ampharete octocirrata,Ampharete octocirrata,
Ver,Amphicteis gunneri,Amphicteis gunneri,atlantique
Ver,Amphicteis midas,Amphicteis midas,atlantique
Ver,Amphictene auricoma,Amphictene auricoma,mediterranee
Ver,Amphiduros fuscescens,Amphiduros fuscescens,"atlantique,mediterranee"
Ver,Amphiglena mediterranea,Amphiglena mediterranea,atlantique
Ver,Amphitrite rubra,Amphitrite rubra,mediterranee
Ver,Amphitritides gracilis,Amphitritides gracilis,atlantique
Ver,Amythasides macroglossus,Amythasides macroglossus,
Ver,Anobothrus gracilis,Anobothrus gracilis,
Ver,Aonides oxycephala,Aonides oxycephala,atlantique
Ver,Aonides paucibranchiata,Aonides paucibranchiata,atlantique
Ver,bristleworm,Aphelochaeta marioni,
Ver,Aphrodite épineuse,Aphrodita aculeata,"atlantique,mediterranee"
Ver,Apistobranchus tullbergi,Apistobranchus tullbergi,
Ver,Protule à boule,Apomatus similis,"atlantique,mediterranee"
Ver,Aponuphis bilineata,Aponuphis bilineata,atlantique
Ver,Grey Worm,Aporrectodea caliginosa,
Ver,Blackhead,Aporrectodea longa,
Ver,Lombric rose,Aporrectodea rosea,
Ver,Arabella ampulliformis,Arabella ampulliformis,atlantique
Ver,Arabella iricolor,Arabella iricolor,atlantique
Ver,Arénicole noire,Arenicola defodiens,atlantique
Ver,Arénicole,Arenicola marina,"atlantique,mediterranee"
Ver,Arenicolides branchialis,Arenicolides branchialis,atlantique
Ver,Aricidea (Acmira) catherinae,Aricidea catherinae,atlantique
Ver,Aricidea (Acmira) cerrutii,Aricidea cerrutii,
Ver,Aricidea fragilis,Aricidea fragilis,atlantique
Ver,Aricidea minuta,Aricidea minuta,
Ver,Aquatic Oligochaete Worm,Aulodrilus pluriseta,
Ver,Aurospio banyulensis,Aurospio banyulensis,
Ver,bloodworm,Baltidrilus costatus,
Ver,Bispira causioi,Bispira causioi,mediterranee
Ver,Bispira mariae,Bispira mariae,mediterranee
Ver,Bispira polyomma,Bispira polyomma,"atlantique,mediterranee"
Ver,Bispira spirobranchia,Bispira spirobranchia,atlantique
Ver,Bispira viola,Bispira viola,mediterranee
Ver,Bispire,Bispira volutacornis,"atlantique,mediterranee"
Ver,Boccardia polybranchia,Boccardia polybranchia,atlantique
Ver,Boccardia proboscidea,Boccardia proboscidea,atlantique
Ver,Bonellie verte,Bonellia viridis,"atlantique,mediterranee"
Ver,Branchiomma bairdi,Branchiomma bairdi,mediterranee
Ver,Petite sabelle de roche,Branchiomma bombyx,"atlantique,mediterranee"
Ver,Branchiomma luctuosum,Branchiomma luctuosum,mediterranee
Ver,Branchiomma moebii,Branchiomma moebii,mediterranee
Ver,Brania pusilla,Brania pusilla,atlantique
Ver,Bylgides sarsi,Bylgides sarsi,
Ver,Capitella capitata,Capitella capitata,atlantique
Ver,Caulleriella alata,Caulleriella alata,atlantique
Ver,Caulleriella bioculata,Caulleriella bioculata,atlantique
Ver,Caulleriella viridis,Caulleriella viridis,atlantique
Ver,Ceratocephale loveni,Ceratocephale loveni,
Ver,Grand chétoptère,Chaetopterus variopedatus,"atlantique,mediterranee"
Ver,Chaetozone christiei,Chaetozone christiei,
Ver,Chaetozone corona,Chaetozone corona,atlantique
Ver,Chaetozone gibber,Chaetozone gibber,atlantique
Ver,Chaetozone setosa,Chaetozone setosa,
Ver,Chaetozone zetlandica,Chaetozone zetlandica,atlantique
Ver,Chirimia biceps,Chirimia biceps,
Ver,Chloë mignonne,Chloeia venusta,mediterranee
Ver,Chone duneri,Chone duneri,
Ver,Chone filicaudata,Chone filicaudata,
Ver,Circeis spirillum,Circeis spirillum,atlantique
Ver,Cirratulus cirratus,Cirratulus cirratus,atlantique
Ver,Ver aux fils rouges,Cirriformia tentaculata,"atlantique,mediterranee"
Ver,Clymenura borealis,Clymenura borealis,
Ver,Cossura longocirrata,Cossura longocirrata,
Ver,Dasybranchus caducus,Dasybranchus caducus,atlantique
Ver,Octagonal-Tail Worm,Dendrobaena octaedra,
Ver,Aquatic Oligochaete Worm,Dero digitata,
Ver,Diopatra biscayensis,Diopatra biscayensis,atlantique
Ver,Diopatra cuprea,Diopatra cuprea,atlantique
Ver,Ver de Naples irisé,Diopatra neapolitana,"atlantique,mediterranee"
Ver,Diplocirrus glaucus,Diplocirrus glaucus,atlantique
Ver,Dipolydora caulleryi,Dipolydora caulleryi,
Ver,Dipolydora coeca,Dipolydora coeca,atlantique
Ver,Dipolydora flava,Dipolydora flava,
Ver,Pointe d'alène,Ditrupa arietina,mediterranee
Ver,Dorvillea rubrovittata,Dorvillea rubrovittata,"atlantique,mediterranee"
Ver,Drilonereis filum,Drilonereis filum,
Ver,Eclysippe vanelli,Eclysippe vanelli,
Ver,Ver à queue carrée,Eiseniella tetraedra,
Ver,Ephesiella abyssorum,Ephesiella abyssorum,atlantique
Ver,Erpobdella nigricollis,Erpobdella nigricollis,
Ver,eight-eyed leech,Erpobdella octoculata,
Ver,Erpobdella testacea,Erpobdella testacea,
Ver,Eteone flava,Eteone flava,
Ver,étéone,Eteone longa,atlantique
Ver,Euchone rosea,Euchone rosea,atlantique
Ver,Euclymene droebachiensis,Euclymene droebachiensis,atlantique
Ver,Euclymène lombric,Euclymene lombricoides,atlantique
Ver,Euclymene oerstedii,Euclymene oerstedii,atlantique
Ver,Eulalie,Eulalia clavigera,"atlantique,mediterranee"
Ver,Eulalia mustela,Eulalia mustela,atlantique
Ver,Eulalia ornata,Eulalia ornata,atlantique
Ver,Eulalia viridis,Eulalia viridis,atlantique
Ver,Eulalia xanthomucosa,Eulalia xanthomucosa,atlantique
Ver,Eumida bahusiensis,Eumida bahusiensis,
Ver,Eumida mackiei,Eumida mackiei,atlantique
Ver,Eumida sanguinea,Eumida sanguinea,atlantique
Ver,néreis,Eunereis longissima,
Ver,Ver géant de Méditerranée,Eunice roussaei,mediterranee
Ver,Eunice vittata,Eunice vittata,"atlantique,mediterranee"
Ver,Eunoe nodosa,Eunoe nodosa,atlantique
Ver,Euphrosine foliosa,Euphrosine foliosa,"atlantique,mediterranee"
Ver,Eupolymnia heterobranchia,Eupolymnia heterobranchia,atlantique
Ver,Polymnie nébuleuse,Eupolymnia nebulosa,"atlantique,mediterranee"
Ver,Eupolymnia nesidensis,Eupolymnia nesidensis,atlantique
Ver,Eurysyllis tuberculata,Eurysyllis tuberculata,atlantique
Ver,Ver de feu orange,Eurythoe complanata,mediterranee
Ver,Exogone naidina,Exogone naidina,mediterranee
Ver,Exogone verugera,Exogone verugera,atlantique
Ver,Fabricia stellaris,Fabricia stellaris,atlantique
Ver,Cascail,Ficopomatus enigmaticus,"atlantique,mediterranee"
Ver,Filograna tricoté,Filograna implexa,"atlantique,mediterranee"
Ver,Salmacine,Filogranella elatensis,mediterranee
Ver,Fimbriosthenelais zetlandica,Fimbriosthenelais zetlandica,atlantique
Ver,Ver de l'hiver,Flabelligera affinis,"atlantique,mediterranee"
Ver,Flabelligera diplochaitus,Flabelligera diplochaitus,mediterranee
Ver,Galathowenia oculata,Galathowenia oculata,atlantique
Ver,Gattyana cirrhosa,Gattyana cirrhosa,atlantique
Ver,Great snail-leech,Glossiphonia complanata,
Ver,Glycera alba,Glycera alba,atlantique
Ver,Glycera americana,Glycera americana,atlantique
Ver,Glycera dibranchiata,Glycera dibranchiata,atlantique
Ver,Glycera fallax,Glycera fallax,atlantique
Ver,Glycera lapidum,Glycera lapidum,atlantique
Ver,Glycera tridactyla,Glycera tridactyla,"atlantique,mediterranee"
Ver,Glycera unicornis,Glycera unicornis,atlantique
Ver,Glycinde nordmanni,Glycinde nordmanni,atlantique
Ver,Goniada maculata,Goniada maculata,atlantique
Ver,Gyptis propinqua,Gyptis propinqua,atlantique
Ver,Sangsue noire,Haemopis sanguisuga,"atlantique,mediterranee"
Ver,Halla parthenopeia,Halla parthenopeia,mediterranee
Ver,Harmothoe areolata,Harmothoe areolata,"atlantique,mediterranee"
Ver,Harmothoe clavigera,Harmothoe clavigera,atlantique
Ver,Harmothoe extenuata,Harmothoe extenuata,"atlantique,mediterranee"
Ver,Harmothoe fragilis,Harmothoe fragilis,atlantique
Ver,Ver à quinze écailles,Harmothoe imbricata,"atlantique,mediterranee"
Ver,Harmothoe impar,Harmothoe impar,atlantique
Ver,Harmothoe spinifera,Harmothoe spinifera,atlantique
Ver,Gravette,Hediste diversicolor,"atlantique,mediterranee"
Ver,Helobdelle des étangs,Helobdella stagnalis,
Ver,Clepsine marginée,Hemiclepsis marginata,
Ver,Ver de feu,Hermodice carunculata,mediterranee
Ver,Hesione sicula,Hesione sicula,"atlantique,mediterranee"
Ver,Ver léopard,Hesione splendida,mediterranee
Ver,Heteromastus filiformis,Heteromastus filiformis,atlantique
Ver,Hilbigneris gracilis,Hilbigneris gracilis,atlantique
Ver,European blood-sucking leech,Hirudo medicinalis,
Ver,Hyalinoecia tubicola,Hyalinoecia tubicola,atlantique
Ver,Hydroïde d'Ezo,Hydroides ezoensis,mediterranee
Ver,Hydroides norvegica,Hydroides norvegica,atlantique
Ver,Hypereteone foliosa,Hypereteone foliosa,atlantique
Ver,Hypsicomus stichophthalmos,Hypsicomus stichophthalmos,mediterranee
Ver,Spirorbe de Pagenstecher,Janua heterostropha,"atlantique,mediterranee"
Ver,Jasmineira caudata,Jasmineira caudata,
Ver,Johnstonia clymenoides,Johnstonia clymenoides,atlantique
Ver,Labioleanira yhleni,Labioleanira yhleni,atlantique
Ver,Laetmonice hystrix,Laetmonice hystrix,mediterranee
Ver,Lagis koreni,Lagis koreni,atlantique
Ver,Petit palmier,Lanice conchilega,"atlantique,mediterranee"
Ver,Laonice bahusiensis,Laonice bahusiensis,
Ver,Laonice cirrata,Laonice cirrata,atlantique
Ver,Laonice irinae,Laonice irinae,atlantique
Ver,Laonice sarsi,Laonice sarsi,
Ver,Leiochone leiopygos,Leiochone leiopygos,atlantique
Ver,Leocrates claparedii,Leocrates claparedii,mediterranee
Ver,Leodice harassii,Leodice harassii,"atlantique,mediterranee"
Ver,Ver rouge à collier,Leodice torquata,"atlantique,mediterranee"
Ver,Lepidasthenia elegans,Lepidasthenia elegans,mediterranee
Ver,Lepidonotus clava,Lepidonotus clava,"atlantique,mediterranee"
Ver,Ver à douze écailles,Lepidonotus squamatus,atlantique
Ver,Levinsenia gracilis,Levinsenia gracilis,
Ver,Aquatic Oligochaete Worm,Limnodrilus claparedianus,
Ver,Limnodrilus gotoi,Limnodrilus gotoi,
Ver,Aquatic Oligochaete Worm,Limnodrilus hoffmeisteri,
Ver,Loimia medusa,Loimia medusa,atlantique
Ver,Ver fragile,Lumbriculus variegatus,
Ver,Chestnut Worm,Lumbricus castaneus,
Ver,Dung worm,Lumbricus rubellus,
Ver,Angleworm,Lumbricus terrestris,
Ver,Lumbrineris cingulata,Lumbrineris cingulata,atlantique
Ver,Lumbrineris coccinea,Lumbrineris coccinea,atlantique
Ver,Lumbrineris latreilli,Lumbrineris latreilli,atlantique
Ver,Lumbrineris lusitanica,Lumbrineris lusitanica,atlantique
Ver,Lysidice ninetta,Lysidice ninetta,atlantique
Ver,Lysidice unicornis,Lysidice unicornis,atlantique
Ver,Macrochaeta clavicornis,Macrochaeta clavicornis,
Ver,Maea mirabilis,Maea mirabilis,atlantique
Ver,Magelona alleni,Magelona alleni,atlantique
Ver,Magelona filiformis,Magelona filiformis,atlantique
Ver,magélone,Magelona johnstoni,atlantique
Ver,Magelona minuta,Magelona minuta,atlantique
Ver,bristleworm,Magelona mirabilis,
Ver,Magelona wilsoni,Magelona wilsoni,atlantique
Ver,Malacoceros fuliginosus,Malacoceros fuliginosus,atlantique
Ver,Maldane glebifex,Maldane glebifex,atlantique
Ver,bambooworm,Maldane sarsi,
Ver,Malmgrenia andreapolis,Malmgrenia andreapolis,atlantique
Ver,Malmgrenia arenicolae,Malmgrenia arenicolae,atlantique
Ver,Polychète du spatangue,Malmgrenia castanea,mediterranee
Ver,Malmgrenia ljungmani,Malmgrenia ljungmani,atlantique
Ver,Malmgrenia lunulata,Malmgrenia lunulata,atlantique
Ver,Marenzelleria neglecta,Marenzelleria neglecta,
Ver,Mouron,Marphysa sanguinea,"atlantique,mediterranee"
Ver,Maxmuelleria lankesteri,Maxmuelleria lankesteri,atlantique
Ver,Mediomastus fragilis,Mediomastus fragilis,atlantique
Ver,Melinna cristata,Melinna cristata,
Ver,Melinna elisabethae,Melinna elisabethae,
Ver,Melinna palmata,Melinna palmata,atlantique
Ver,Chétoptère-bélier,Mesochaetopterus rogeri,"atlantique,mediterranee"
Ver,Mesonerilla intermedia,Mesonerilla intermedia,mediterranee
Ver,Micromaldane ornithochaeta,Micromaldane ornithochaeta,atlantique
Ver,Microspio mecznikowiana,Microspio mecznikowiana,atlantique
Ver,Myrianide à bandes,Myrianida pinnigera,"atlantique,mediterranee"
Ver,Myrianida prolifera,Myrianida prolifera,atlantique
Ver,Myriochele danielsseni,Myriochele danielsseni,
Ver,Myriochele heeri,Myriochele heeri,
Ver,Mysta picta,Mysta picta,atlantique
Ver,Petit ver myxicole,Myxicola aesthetica,"atlantique,mediterranee"
Ver,Sabelle de vase,Myxicola infundibulum,"atlantique,mediterranee"
Ver,Myxicola polychroma,Myxicola polychroma,atlantique
Ver,Aquatic Oligochaete Worm,Nais elinguis,
Ver,Neanthes fucata,Neanthes fucata,atlantique
Ver,Neanthes nubila,Neanthes nubila,atlantique
Ver,Térébelle de Johnston,Neoamphitrite figulus,atlantique
Ver,Neoleanira tetragona,Neoleanira tetragona,
Ver,Nephtys assimilis,Nephtys assimilis,atlantique
Ver,Néréis pâle,Nephtys caeca,atlantique
Ver,Nephtys ciliata,Nephtys ciliata,
Ver,Nephtys cirrosa,Nephtys cirrosa,atlantique
Ver,Nephtys hombergii,Nephtys hombergii,atlantique
Ver,Nephtys hystricis,Nephtys hystricis,atlantique
Ver,Nephtys incisa,Nephtys incisa,
Ver,Nephtys kersivalensis,Nephtys kersivalensis,atlantique
Ver,Nephtys longosetosa,Nephtys longosetosa,atlantique
Ver,Nephtys paradoxa,Nephtys paradoxa,
Ver,Nereimyra punctata,Nereimyra punctata,atlantique
Ver,Néréiphylle de Paretto,Nereiphylla paretti,"atlantique,mediterranee"
Ver,Polychète jaune à deux lignes noires,Nereiphylla rubiginosa,atlantique
Ver,Néréis pélagique,Nereis pelagica,mediterranee
Ver,Nereis vexillosa,Nereis vexillosa,atlantique
Ver,Nicolea venustula,Nicolea venustula,atlantique
Ver,Nothria britannica,Nothria britannica,atlantique
Ver,Nothria conchylega,Nothria conchylega,
Ver,Nothria hyperborea,Nothria hyperborea,atlantique
Ver,Notocirrus scoticus,Notocirrus scoticus,atlantique
Ver,Notomastus exsertilis,Notomastus exsertilis,atlantique
Ver,Notomastus latericeus,Notomastus latericeus,atlantique
Ver,White Worm,Octolasion lacteum,
Ver,Odontosyllis ctenostoma,Odontosyllis ctenostoma,atlantique
Ver,Odontosyllis gibba,Odontosyllis gibba,"atlantique,mediterranee"
Ver,Ophelia bicornis,Ophelia bicornis,atlantique
Ver,Ophelia borealis,Ophelia borealis,atlantique
Ver,Ophelina acuminata,Ophelina acuminata,atlantique
Ver,Ophelina cylindricaudata,Ophelina cylindricaudata,
Ver,Ophelina modesta,Ophelina modesta,
Ver,Aquatic Oligochaete Worm,Ophidonais serpentina,
Ver,Ophryotrocha hartmanni,Ophryotrocha hartmanni,
Ver,Orbinia latreillii,Orbinia latreillii,atlantique
Ver,Owenia borealis,Owenia borealis,
Ver,Owenia fusiforme,Owenia fusiformis,"atlantique,mediterranee"
Ver,Ophiodromus flexueux,Oxydromus flexuosus,"atlantique,mediterranee"
Ver,Oxydromus vittatus,Oxydromus vittatus,
Ver,Paradexiospira vitrea,Paradexiospira vitrea,atlantique
Ver,Paradiopatra fiordica,Paradiopatra fiordica,
Ver,Paradiopatra quadricuspis,Paradiopatra quadricuspis,
Ver,Paradoneis armata,Paradoneis armata,atlantique
Ver,Paradoneis lyra,Paradoneis lyra,atlantique
Ver,Paramphinome jeffreysii,Paramphinome jeffreysii,
Ver,Paramphitrite birulai,Paramphitrite birulai,
Ver,Paranaitis kosteriensis,Paranaitis kosteriensis,atlantique
Ver,Parapionosyllis minuta,Parapionosyllis minuta,atlantique
Ver,Parasabella langerhansi,Parasabella langerhansi,atlantique
Ver,Paraspio decorata,Paraspio decorata,
Ver,Parexogone hebes,Parexogone hebes,
Ver,Paucibranchia bellii,Paucibranchia bellii,atlantique
Ver,Paucibranchia totospinata,Paucibranchia totospinata,atlantique
Ver,Pectinaria belgica,Pectinaria belgica,atlantique
Ver,Perinereis aibuhitensis,Perinereis aibuhitensis,mediterranee
Ver,Perinereis cultrifera,Perinereis cultrifera,atlantique
Ver,Perinereis marionii,Perinereis marionii,atlantique
Ver,Petaloproctus terricolus,Petaloproctus terricolus,atlantique
Ver,Pherusa monilifera,Pherusa monilifera,atlantique
Ver,Pherusa plumosa,Pherusa plumosa,atlantique
Ver,Pholoe assimilis,Pholoe assimilis,
Ver,Pholoe baltica,Pholoe baltica,atlantique
Ver,Pholoe inornata,Pholoe inornata,atlantique
Ver,Pholoe pallida,Pholoe pallida,
Ver,Phragmatopoma californica,Phragmatopoma californica,
Ver,Phyllochaetopterus socialis,Phyllochaetopterus socialis,mediterranee
Ver,Phyllodoce groenlandica,Phyllodoce groenlandica,atlantique
Ver,Phyllodoce lamelligera,Phyllodoce lamelligera,atlantique
Ver,Phyllodoce laminosa,Phyllodoce laminosa,atlantique
Ver,Phyllodoce longipes,Phyllodoce longipes,atlantique
Ver,Phyllodoce tacheté,Phyllodoce maculata,atlantique
Ver,Phyllodoce mucosa,Phyllodoce mucosa,atlantique
Ver,Phyllodoce rosea,Phyllodoce rosea,
Ver,Phylo foetida,Phylo foetida,atlantique
Ver,Phylo norvegica,Phylo norvegica,
Ver,Pileolaria berkeleyana,Pileolaria berkeleyana,atlantique
Ver,Piromis eruca,Piromis eruca,atlantique
Ver,Sangsue géomètre,Piscicola geometra,
Ver,Pisione remota,Pisione remota,atlantique
Ver,Pista cristata,Pista cristata,
Ver,Pista elongata,Pista elongata,atlantique
Ver,Pista maculata,Pista maculata,atlantique
Ver,Pista sauriaui,Pista sauriaui,atlantique
Ver,Placostegus tridentatus,Placostegus tridentatus,mediterranee
Ver,Platynereis bicanaliculata,Platynereis bicanaliculata,mediterranee
Ver,Platynereis dumerilii,Platynereis dumerilii,"atlantique,mediterranee"
Ver,Platynereis massiliensis,Platynereis massiliensis,atlantique
Ver,Podarkeopsis capensis,Podarkeopsis capensis,atlantique
Ver,Poecilochaetus serpens,Poecilochaetus serpens,atlantique
Ver,Polycirrus aurantiacus,Polycirrus aurantiacus,mediterranee
Ver,Polycirrus eximius,Polycirrus eximius,atlantique
Ver,Polycirrus medusa,Polycirrus medusa,
Ver,Polycirrus norvegicus,Polycirrus norvegicus,
Ver,Polycirrus plumosus,Polycirrus plumosus,
Ver,Polydora ciliata,Polydora ciliata,atlantique
Ver,Polydora hoplura,Polydora hoplura,atlantique
Ver,Polygordius lacteus,Polygordius lacteus,atlantique
Ver,Polyophthalmus pictus,Polyophthalmus pictus,"atlantique,mediterranee"
Ver,Polyphysia crassa,Polyphysia crassa,
Ver,Pomatostegus stellatus,Pomatostegus stellatus,mediterranee
Ver,Petite aphrodite,Pontogenia chrysocoma,mediterranee
Ver,Aquatic Oligochaete Worm,Potamothrix hammoniensis,
Ver,Praxillella affinis,Praxillella affinis,atlantique
Ver,Praxillella gracilis,Praxillella gracilis,
Ver,Praxillella praetermissa,Praxillella praetermissa,
Ver,Prionospio cirrifera,Prionospio cirrifera,
Ver,Prionospio dubia,Prionospio dubia,
Ver,Prionospio fallax,Prionospio fallax,
Ver,Prionospio plumosa,Prionospio plumosa,
Ver,Prionospio steenstrupi,Prionospio steenstrupi,atlantique
Ver,Proceraea picta,Proceraea picta,atlantique
Ver,Proclea graffii,Proclea graffii,
Ver,Proclymene muelleri,Proclymene muelleri,atlantique
Ver,Proscoloplos cygnochaetus,Proscoloplos cygnochaetus,atlantique
Ver,Protodorvillea kefersteini,Protodorvillea kefersteini,atlantique
Ver,Protule rouge,Protula intestinum,"atlantique,mediterranee"
Ver,Protule lisse,Protula tubularia,"atlantique,mediterranee"
Ver,Psamathe fusca,Psamathe fusca,atlantique
Ver,Psammodrilus curinigalletti,Psammodrilus curinigalletti,mediterranee
Ver,Aquatic Oligochaete Worm,Psammoryctides barbatus,
Ver,Pseudomystides limbata,Pseudomystides limbata,atlantique
Ver,Pseudopolydora nordica,Pseudopolydora nordica,
Ver,Pseudopolydora paucibranchiata,Pseudopolydora paucibranchiata,mediterranee
Ver,Pseudopolydora pulchra,Pseudopolydora pulchra,
Ver,Pterocirrus macroceros,Pterocirrus macroceros,atlantique
Ver,Pygospio elegans,Pygospio elegans,atlantique
Ver,Rhodine gracilior,Rhodine gracilior,
Ver,Rhodine loveni,Rhodine loveni,
Ver,Petite sabelle,Sabella discifera,"atlantique,mediterranee"
Ver,Spirographe,Sabella pavonina,"atlantique,mediterranee"
Ver,Spirographe,Sabella spallanzanii,"atlantique,mediterranee"
Ver,Hermelle,Sabellaria alveolata,"atlantique,mediterranee"
Ver,Hermelle épineuse,Sabellaria spinulosa,atlantique
Ver,Sabelle magnifique,Sabellastarte magnifica,mediterranee
Ver,Salmacina australis,Salmacina australis,mediterranee
Ver,Salmacina dysteri,Salmacina dysteri,"atlantique,mediterranee"
Ver,Samytha sexcirrata,Samytha sexcirrata,
Ver,Scalibregma celticum,Scalibregma celticum,atlantique
Ver,Scalibregma inflatum,Scalibregma inflatum,
Ver,Schistomeringos neglecta,Schistomeringos neglecta,atlantique
Ver,Schizobranchia insignis,Schizobranchia insignis,atlantique
Ver,Scolelepis korsuni,Scolelepis korsuni,
Ver,Scolelepis (Scolelepis) squamata,Scolelepis squamata,atlantique
Ver,Scoletoma fragilis,Scoletoma fragilis,
Ver,Scoletoma tetraura,Scoletoma tetraura,atlantique
Ver,Scoloplos (Scoloplos) armiger,Scoloplos armiger,atlantique
Ver,Semivermilia crenata,Semivermilia crenata,mediterranee
Ver,Red Tubeworm,Serpula columbiana,
Ver,Serpula concharum,Serpula concharum,mediterranee
Ver,Serpule,Serpula vermicularis,"atlantique,mediterranee"
Ver,Sigalion mathildae,Sigalion mathildae,atlantique
Ver,Sigalion squamosus,Sigalion squamosus,atlantique
Ver,Sige fusigera,Sige fusigera,
Ver,Sosane sulcata,Sosane sulcata,
Ver,Sosane wahrbergi,Sosane wahrbergi,
Ver,Sosane wireni,Sosane wireni,
Ver,Sphaerodoridium minutum,Sphaerodoridium minutum,atlantique
Ver,Sphaerodorum gracilis,Sphaerodorum gracilis,
Ver,Sphaerosyllis hystrix,Sphaerosyllis hystrix,atlantique
Ver,Sphaerosyllis taylori,Sphaerosyllis taylori,atlantique
Ver,bristleworm,Spio filicornis,
Ver,Spio limicola,Spio limicola,
Ver,Spio martinensis,Spio martinensis,atlantique
Ver,Spio symphyta,Spio symphyta,
Ver,Spiochaetopterus costarum,Spiochaetopterus costarum,atlantique
Ver,Spiochaetopterus typicus,Spiochaetopterus typicus,
Ver,Spiophanes bombyx,Spiophanes bombyx,atlantique
Ver,Spiophanes kroyeri,Spiophanes kroyeri,
Ver,Spiophanes wigleyi,Spiophanes wigleyi,
Ver,Spiraserpula massiliensis,Spiraserpula massiliensis,mediterranee
Ver,Christmas tree worm,Spirobranchus giganteus,
Ver,Serpule triangulaire,Spirobranchus lamarcki,"atlantique,mediterranee"
Ver,Serpule triangulaire,Spirobranchus triqueter,"atlantique,mediterranee"
Ver,Spirorbis corallinae,Spirorbis corallinae,atlantique
Ver,Spirorbis inornatus,Spirorbis inornatus,atlantique
Ver,Spirorbis rupestris,Spirorbis rupestris,atlantique
Ver,Spirorbe,Spirorbis spirorbis,"atlantique,mediterranee"
Ver,Spirorbis tridentatus,Spirorbis tridentatus,atlantique
Ver,Aquatic Oligochaete Worm,Spirosperma ferox,
Ver,Sternaspis scutata,Sternaspis scutata,atlantique
Ver,Sthenelais boa,Sthenelais boa,atlantique
Ver,Sthenelais limicola,Sthenelais limicola,atlantique
Ver,Streblosoma intestinale,Streblosoma intestinale,
Ver,Streblospio shrubsolii,Streblospio shrubsolii,
Ver,Streptosyllis websteri,Streptosyllis websteri,atlantique
Ver,Aquatic Oligochaete Worm,Stylaria lacustris,
Ver,Stylarioides moniliferus,Stylarioides moniliferus,atlantique
Ver,Aquatic Oligochaete Worm,Stylodrilus heringianus,
Ver,Subadyte pellucida,Subadyte pellucida,atlantique
Ver,Syllidia armata,Syllidia armata,atlantique
Ver,Syllis armillaris,Syllis armillaris,
Ver,Syllis cornuta,Syllis cornuta,
Ver,Syllis garciai,Syllis garciai,atlantique
Ver,Syllis parapari,Syllis parapari,atlantique
Ver,Syllis pontxioi,Syllis pontxioi,atlantique
Ver,Syllis prolifera,Syllis prolifera,atlantique
Ver,Terebella lapidaria,Terebella lapidaria,atlantique
Ver,Terebellides resomari,Terebellides resomari,atlantique
Ver,Terebellides stroemii,Terebellides stroemii,
Ver,Thalassema arcassonense,Thalassema arcassonense,atlantique
Ver,Thalassema thalassema,Thalassema thalassema,atlantique
Ver,Tharyx killariensis,Tharyx killariensis,atlantique
Ver,Thelepus japonicus,Thelepus japonicus,atlantique
Ver,Thelepus setosus,Thelepus setosus,atlantique
Ver,Duck Leech,Theromyzon tessulatum,
Ver,Ver ectoplasmique,Tomopteris helgolandica,atlantique
Ver,Trichobranchus glacialis,Trichobranchus glacialis,atlantique
Ver,Trichobranchus roseus,Trichobranchus roseus,
Ver,Aquatic Oligochaete Worm,Tubifex tubifex,
Ver,Tubificoides amplivasatus,Tubificoides amplivasatus,
Ver,Tubificoides benedii,Tubificoides benedii,
Ver,Tubificoides pseudogaster,Tubificoides pseudogaster,
Ver,Vanadis formosa,Vanadis formosa,mediterranee
Ver,Vermiliopsis infundibulum,Vermiliopsis infundibulum,mediterranee
Végétaux,algue rouge,Acanthophora spicifera,mediterranee
Végétaux,Acétabulaire,Acetabularia acetabulum,mediterranee
Végétaux,Algues brunes filamenteuses,Acinetospora crinita,mediterranee
Végétaux,Acrocarpia paniculata,Acrocarpia paniculata,
Végétaux,Acrosiphonia arcta,Acrosiphonia arcta,atlantique
Végétaux,Acrosiphonia coalita,Acrosiphonia coalita,atlantique
Végétaux,Acrosiphonia spinescens,Acrosiphonia spinescens,atlantique
Végétaux,Acrosorium ciliolatum,Acrosorium ciliolatum,"atlantique,mediterranee"
Végétaux,Acrosymphyton pourpre,Acrosymphyton purpuriferum,mediterranee
Végétaux,Actinastrum hantzschii,Actinastrum hantzschii,
Végétaux,Cladophora Ball,Aegagropila linnaei,
Végétaux,Agardhiella subulata,Agardhiella subulata,"atlantique,mediterranee"
Végétaux,Laminaire criblée,Agarum clathratum,
Végétaux,Agissea harveyana,Agissea harveyana,atlantique
Végétaux,Aglaothamnion tenuissimum,Aglaothamnion tenuissimum,atlantique
Végétaux,Algue fil de fer,Ahnfeltia plicata,atlantique
Végétaux,Ahnfeltiopsis devoniensis,Ahnfeltiopsis devoniensis,atlantique
Végétaux,Ahnfeltiopsis linearis,Ahnfeltiopsis linearis,atlantique
Végétaux,Wakamé Atlantique,Alaria esculenta,atlantique
Végétaux,winged kelp,Alaria marginata,
Végétaux,Amphiroa anceps,Amphiroa anceps,
Végétaux,Amphiroa beauvoisii,Amphiroa beauvoisii,mediterranee
Végétaux,Amphiroa sciaphile,Amphiroa cryptarthrodia,mediterranee
Végétaux,Amphiroa fragilissima,Amphiroa fragilissima,"atlantique,mediterranee"
Végétaux,Amphiroa kuetzingiana,Amphiroa kuetzingiana,mediterranee
Végétaux,Amphiroa rigide,Amphiroa rigida,mediterranee
Végétaux,Anadyomène étoilée,Anadyomene stellata,mediterranee
Végétaux,Ankistrodesmus falcatus,Ankistrodesmus falcatus,
Végétaux,Ankistrodesmus spec,Ankistrodesmus spec,
Végétaux,Anotrichium barbatum,Anotrichium barbatum,atlantique
Végétaux,Anotrichium furcellatum,Anotrichium furcellatum,atlantique
Végétaux,Antithamnion hubbsii,Antithamnion hubbsii,atlantique
Végétaux,Antithamnionella multiglandulosa,Antithamnionella multiglandulosa,atlantique
Végétaux,Antithamnionella ternifolia,Antithamnionella ternifolia,atlantique
Végétaux,Apoglossum ruscifolium,Apoglossum ruscifolium,atlantique
Végétaux,Algue ramifiée poilue,Arthrocladia villosa,"atlantique,mediterranee"
Végétaux,Goémon noir,Ascophyllum nodosum,"atlantique,mediterranee"
Végétaux,Asparagopsis à crochets,Asparagopsis armata,"atlantique,mediterranee"
Végétaux,Asparagopsis if,Asparagopsis taxiformis,mediterranee
Végétaux,Asperococcus bulleux,Asperococcus bullosus,"atlantique,mediterranee"
Végétaux,Asperococcus fistulosus,Asperococcus fistulosus,atlantique
Végétaux,Asteronema breviarticulatum,Asteronema breviarticulatum,mediterranee
Végétaux,Audouinella hermannii,Audouinella hermannii,
Végétaux,Ballia callitricha,Ballia callitricha,
Végétaux,Bangia fuscopurpurea,Bangia fuscopurpurea,mediterranee
Végétaux,Battersia arctica,Battersia arctica,
Végétaux,Bifurcaire,Bifurcaria bifurcata,atlantique
Végétaux,Binuclearia lauterbornii,Binuclearia lauterbornii,
Végétaux,Petite ulve de Bliding,Blidingia minima,"atlantique,mediterranee"
Végétaux,Plume épineuse rouge,Bonnemaisonia asparagoides,"atlantique,mediterranee"
Végétaux,Porte-crochets,Bonnemaisonia hamifera,atlantique
Végétaux,Boreolithothamnion glaciale,Boreolithothamnion glaciale,atlantique
Végétaux,Bornetia secundiflora,Bornetia secundiflora,"atlantique,mediterranee"
Végétaux,Bostrychia scorpioides,Bostrychia scorpioides,atlantique
Végétaux,Botryocladia à boules,Botryocladia botryoides,mediterranee
Végétaux,Botryocladia wrightii,Botryocladia wrightii,atlantique
Végétaux,Botryococcus braunii,Botryococcus braunii,
Végétaux,Bryocladia atlantica,Bryocladia atlantica,atlantique
Végétaux,Bryopsis cyprès,Bryopsis cupressina,mediterranee
Végétaux,Bryopsis double,Bryopsis duplex,mediterranee
Végétaux,Bryopsis hypnoides,Bryopsis hypnoides,"atlantique,mediterranee"
Végétaux,Bryopsis mucosa,Bryopsis mucosa,mediterranee
Végétaux,Bryopsis mousse,Bryopsis muscosa,mediterranee
Végétaux,Bryopsis plumeux,Bryopsis plumosa,"atlantique,mediterranee"
Végétaux,Calliarthron tuberculosum,Calliarthron tuberculosum,
Végétaux,Algue ciliée,Calliblepharis ciliata,atlantique
Végétaux,Algue à crinière,Calliblepharis jubata,"atlantique,mediterranee"
Végétaux,Callithamnion corymbosum,Callithamnion corymbosum,mediterranee
Végétaux,Callithamnion tetragonum,Callithamnion tetragonum,atlantique
Végétaux,Callithamnion tetricum,Callithamnion tetricum,atlantique
Végétaux,Callocolax neglectus,Callocolax neglectus,atlantique
Végétaux,Callophyllis rangiferina,Callophyllis rangiferina,
Végétaux,Calosiphonia vermicularis,Calosiphonia vermicularis,mediterranee
Végétaux,Canistrocarpus cervicornis,Canistrocarpus cervicornis,
Végétaux,Carpomitra costata,Carpomitra costata,"atlantique,mediterranee"
Végétaux,Common flapjack,Carpophyllum maschalocarpum,
Végétaux,Carradoriella denudata,Carradoriella denudata,atlantique
Végétaux,Polysiphonie allongée,Carradoriella elongata,atlantique
Végétaux,Catenella caespitosa,Catenella caespitosa,atlantique
Végétaux,Caulacanthus okamurae,Caulacanthus okamurae,"atlantique,mediterranee"
Végétaux,Caulacanthus ustulatus,Caulacanthus ustulatus,"atlantique,mediterranee"
Végétaux,Sea Rimu,Caulerpa brownii,
Végétaux,Caulerpe cylindracée,Caulerpa cylindracea,mediterranee
Végétaux,Caulerpa filiformis,Caulerpa filiformis,atlantique
Végétaux,Fern caulerpa,Caulerpa flexilis,
Végétaux,Caulerpa geminata,Caulerpa geminata,mediterranee
Végétaux,Caulerpe,Caulerpa prolifera,mediterranee
Végétaux,Caulerpe raisin,Caulerpa racemosa,mediterranee
Végétaux,Caulerpe à feuilles d'if,Caulerpa taxifolia,"atlantique,mediterranee"
Végétaux,Centroceras gasparrinii,Centroceras gasparrinii,atlantique
Végétaux,Ceramium botryocarpum,Ceramium botryocarpum,atlantique
Végétaux,Ceramium ciliatum,Ceramium ciliatum,"atlantique,mediterranee"
Végétaux,Ceramium deslongchampsii,Ceramium deslongchampsii,atlantique
Végétaux,Ceramium echionotum,Ceramium echionotum,atlantique
Végétaux,Ceramium pallidum,Ceramium pallidum,atlantique
Végétaux,Ceramium secundatum,Ceramium secundatum,atlantique
Végétaux,Ceramium shuttleworthianum,Ceramium shuttleworthianum,atlantique
Végétaux,Ceramium spyridioides,Ceramium spyridioides,atlantique
Végétaux,Ceramium tenuicorne,Ceramium tenuicorne,
Végétaux,Céramium rouge,Ceramium virgatum,"atlantique,mediterranee"
Végétaux,Crinière dressée,Chaetomorpha aerea,"atlantique,mediterranee"
Végétaux,Chaetomorpha ligustica,Chaetomorpha ligustica,atlantique
Végétaux,Crinière flottante,Chaetomorpha linum,"atlantique,mediterranee"
Végétaux,Chaetomorpha melagonium,Chaetomorpha melagonium,"atlantique,mediterranee"
Végétaux,Champia parvula,Champia parvula,"atlantique,mediterranee"
Végétaux,Algue chevelue verte,Chlorodesmis fastigiata,"atlantique,mediterranee"
Végétaux,Chondracanthus acicularis,Chondracanthus acicularis,"atlantique,mediterranee"
Végétaux,Chondracanthus canaliculatus,Chondracanthus canaliculatus,atlantique
Végétaux,Turkish Towel,Chondracanthus exasperatus,
Végétaux,Chondracanthus intermedius,Chondracanthus intermedius,
Végétaux,Chondracanthus teedei,Chondracanthus teedei,atlantique
Végétaux,Chondria capillaris,Chondria capillaris,atlantique
Végétaux,Chondria bleue,Chondria coerulescens,"atlantique,mediterranee"
Végétaux,Chondria dasyphylla,Chondria dasyphylla,atlantique
Végétaux,Chondria scintillans,Chondria scintillans,atlantique
Végétaux,Goémon frisé,Chondrus crispus,"atlantique,mediterranee"
Végétaux,Chondrus giganteus,Chondrus giganteus,mediterranee
Végétaux,Lacet de mer,Chorda filum,atlantique
Végétaux,Chordaria flagelliformis,Chordaria flagelliformis,atlantique
Végétaux,Choreocolax polysiphoniae,Choreocolax polysiphoniae,atlantique
Végétaux,Choreonema thuretii,Choreonema thuretii,atlantique
Végétaux,Chroodactylon ornatum,Chroodactylon ornatum,atlantique
Végétaux,Gant de chirurgien,Chrysymenia ventricosa,"atlantique,mediterranee"
Végétaux,Algue fuseau,Chylocladia verticillata,"atlantique,mediterranee"
Végétaux,Cladophora aegagropila,Cladophora aegagropila,mediterranee
Végétaux,Cladophora albida,Cladophora albida,atlantique
Végétaux,Cladophora columbiana,Cladophora columbiana,"atlantique,mediterranee"
Végétaux,Cladophora dalmatica,Cladophora dalmatica,mediterranee
Végétaux,Cladophora fracta,Cladophora fracta,
Végétaux,Cladophora glomerata,Cladophora glomerata,"atlantique,mediterranee"
Végétaux,Cladophora hutchinsiae,Cladophora hutchinsiae,mediterranee
Végétaux,Cladophore vert clair,Cladophora laetevirens,atlantique
Végétaux,Cladophora lehmanniana,Cladophora lehmanniana,atlantique
Végétaux,Cladophora liniformis,Cladophora liniformis,atlantique
Végétaux,Cladophora prolifera,Cladophora prolifera,mediterranee
Végétaux,Cladophora rivularis,Cladophora rivularis,mediterranee
Végétaux,Cladophore des rochers,Cladophora rupestris,"atlantique,mediterranee"
Végétaux,Graceful green hair,Cladophora sericea,
Végétaux,Cladosiphon cylindricus,Cladosiphon cylindricus,mediterranee
Végétaux,Cladosiphon irregularis,Cladosiphon irregularis,
Végétaux,Cladostephus hirsutus,Cladostephus hirsutus,"atlantique,mediterranee"
Végétaux,Cladostéphus spongieux,Cladostephus spongiosus,"atlantique,mediterranee"
Végétaux,Coccotylus truncatus,Coccotylus truncatus,
Végétaux,Codium adhérent foncé,Codium adhaerens,"atlantique,mediterranee"
Végétaux,Béret basque,Codium bursa,"atlantique,mediterranee"
Végétaux,Codium mamelonné,Codium coralloides,mediterranee
Végétaux,Codium allongé,Codium decorticatum,atlantique
Végétaux,Codium étalé,Codium effusum,mediterranee
Végétaux,codium fragile,Codium fragile,"atlantique,mediterranee"
Végétaux,Codium branchu cosmopolite,Codium tomentosum,"atlantique,mediterranee"
Végétaux,Codium vermiforme,Codium vermilara,"atlantique,mediterranee"
Végétaux,Coelastrum astroideum,Coelastrum astroideum,
Végétaux,Coelastrum microporum,Coelastrum microporum,
Végétaux,Colaconema caespitosum,Colaconema caespitosum,atlantique
Végétaux,Voleuse d'huîtres,Colpomenia peregrina,"atlantique,mediterranee"
Végétaux,Colpoménia sinueux,Colpomenia sinuosa,"atlantique,mediterranee"
Végétaux,Compsothamnion thuioides,Compsothamnion thuioides,atlantique
Végétaux,Compsothamnion thuyoides,Compsothamnion thuyoides,
Végétaux,Contarinia squamariae,Contarinia squamariae,mediterranee
Végétaux,Corallina berteroi,Corallina berteroi,"atlantique,mediterranee"
Végétaux,Corallina caespitosa,Corallina caespitosa,"atlantique,mediterranee"
Végétaux,Coralline officinale,Corallina officinalis,"atlantique,mediterranee"
Végétaux,Cordylecladia erecta,Cordylecladia erecta,atlantique
Végétaux,seersucker kelp,Costaria costata,
Végétaux,Algue filamenteuse lilas,Cottoniella filamentosa,mediterranee
Végétaux,Crouania attenuata,Crouania attenuata,atlantique
Végétaux,Crucigenia lauterbornii,Crucigenia lauterbornii,
Végétaux,Crucigenia quadrata,Crucigenia quadrata,
Végétaux,Crucigenia tetrapedia,Crucigenia tetrapedia,
Végétaux,Cryptonemia seminervis,Cryptonemia seminervis,atlantique
Végétaux,Cryptopleura ramosa,Cryptopleura ramosa,atlantique
Végétaux,Cryptopleura ruprechtiana,Cryptopleura ruprechtiana,atlantique
Végétaux,Cumathamnion decipiens,Cumathamnion decipiens,atlantique
Végétaux,Cutleria adspersa,Cutleria adspersa,"atlantique,mediterranee"
Végétaux,Cutleria multifida,Cutleria multifida,"atlantique,mediterranee"
Végétaux,Cystoclonium purpureum,Cystoclonium purpureum,atlantique
Végétaux,Cystophora platylobium,Cystophora platylobium,
Végétaux,Cystophora retroflexa,Cystophora retroflexa,
Végétaux,Cystoseire aplatie,Cystoseira compressa,"atlantique,mediterranee"
Végétaux,Cystoseira foeniculacea,Cystoseira foeniculacea,"atlantique,mediterranee"
Végétaux,Cystoseira humilis,Cystoseira humilis,atlantique
Végétaux,Cystoseira pustulata,Cystoseira pustulata,mediterranee
Végétaux,Dasya ocellata,Dasya ocellata,atlantique
Végétaux,Dasyclade vermiforme,Dasycladus vermicularis,mediterranee
Végétaux,Dasysiphonia japonica,Dasysiphonia japonica,atlantique
Végétaux,Dasysiphonia sessilis,Dasysiphonia sessilis,mediterranee
Végétaux,Algue feuille de châtaignier,Delesseria sanguinea,atlantique
Végétaux,Deltalsia parasitica,Deltalsia parasitica,atlantique
Végétaux,Derbesia marina,Derbesia marina,"atlantique,mediterranee"
Végétaux,Derbésia ténue,Derbesia tenuissima,mediterranee
Végétaux,Dermocorynus montagnei,Dermocorynus montagnei,atlantique
Végétaux,Desmarestia aculeata,Desmarestia aculeata,atlantique
Végétaux,Oseille de mer,Desmarestia ligulata,atlantique
Végétaux,Desmarestia viridis,Desmarestia viridis,atlantique
Végétaux,Desmodesmus armatus,Desmodesmus armatus,
Végétaux,Desmodesmus communis,Desmodesmus communis,
Végétaux,Desmodesmus granulatus,Desmodesmus granulatus,
Végétaux,Desmodesmus intermedius,Desmodesmus intermedius,
Végétaux,Desmodesmus magnus,Desmodesmus magnus,
Végétaux,Desmodesmus opoliensis,Desmodesmus opoliensis,
Végétaux,Desmodesmus subspicatus,Desmodesmus subspicatus,
Végétaux,Dichotomococcus curvatus,Dichotomococcus curvatus,
Végétaux,Fougère de mer de Méditerranée,Dictyopteris lucida,mediterranee
Végétaux,Fougère de mer,Dictyopteris polypodioides,"atlantique,mediterranee"
Végétaux,Dictyosiphon foeniculaceus,Dictyosiphon foeniculaceus,atlantique
Végétaux,Dictyosphaerium subsolitarium,Dictyosphaerium subsolitarium,
Végétaux,Dictyota cyanoloma,Dictyota cyanoloma,"atlantique,mediterranee"
Végétaux,Dictyote,Dictyota dichotoma,"atlantique,mediterranee"
Végétaux,Dictyote rubanée,Dictyota fasciola,mediterranee
Végétaux,Dictyota implexa,Dictyota implexa,mediterranee
Végétaux,Dictyota linearis,Dictyota linearis,mediterranee
Végétaux,Dictyota mediterranea,Dictyota mediterranea,mediterranee
Végétaux,Dictyote spatulée,Dictyota spiralis,"atlantique,mediterranee"
Végétaux,Didymocystis fina,Didymocystis fina,
Végétaux,Digenea simplex,Digenea simplex,mediterranee
Végétaux,Steak de mer,Dilsea carnosa,atlantique
Végétaux,Diplochloris lunata,Diplochloris lunata,
Végétaux,Discosporangium mesarthrocarpum,Discosporangium mesarthrocarpum,mediterranee
Végétaux,Drachiella spectabilis,Drachiella spectabilis,atlantique
Végétaux,Dudresnaya verticillé,Dudresnaya verticillata,"atlantique,mediterranee"
Végétaux,Dumontia contorta,Dumontia contorta,atlantique
Végétaux,Durvillaea antarctica,Durvillaea antarctica,atlantique
Végétaux,Common Kelp,Ecklonia radiata,
Végétaux,Ectocarpus fasciculatus,Ectocarpus fasciculatus,atlantique
Végétaux,Ectocarpus siliculosus,Ectocarpus siliculosus,
Végétaux,Algue boa à plumes,Egregia menziesii,
Végétaux,Southern sea palm,Eisenia arborea,
Végétaux,Elachista fucicola,Elachista fucicola,atlantique
Végétaux,Elachista scutulata,Elachista scutulata,atlantique
Végétaux,Coralline allongée,Ellisolandia elongata,"atlantique,mediterranee"
Végétaux,Scouring-pad alga,Endocladia muricata,
Végétaux,Cystoseire stricte,Ericaria amentacea,mediterranee
Végétaux,Ericaria balearica,Ericaria balearica,mediterranee
Végétaux,Cystoseire à petits fruits,Ericaria brachycarpa,mediterranee
Végétaux,Cystoseire crin,Ericaria crinita,mediterranee
Végétaux,Ericaria funkii,Ericaria funkii,mediterranee
Végétaux,Cystoseire de Méditerranée,Ericaria mediterranea,mediterranee
Végétaux,Cystoseire bleue,Ericaria selaginoides,"atlantique,mediterranee"
Végétaux,Ericaria zosteroides,Ericaria zosteroides,mediterranee
Végétaux,Erythroglossum laciniatum,Erythroglossum laciniatum,atlantique
Végétaux,Erythroglossum sandrianum,Erythroglossum sandrianum,mediterranee
Végétaux,Erythrotrichia carnea,Erythrotrichia carnea,
Végétaux,Eudesme virescens,Eudesme virescens,atlantique
Végétaux,Eupogodon planus,Eupogodon planus,mediterranee
Végétaux,Feldmannia lebelii,Feldmannia lebelii,mediterranee
Végétaux,Felicinia marginata,Felicinia marginata,mediterranee
Végétaux,Udotée,Flabellia petiolata,mediterranee
Végétaux,Fucus cornu,Fucus ceranoides,atlantique
Végétaux,Fucus chalonii,Fucus chalonii,atlantique
Végétaux,Fucus distichus,Fucus distichus,atlantique
Végétaux,Fucus gardneri,Fucus gardneri,
Végétaux,Fucus limitaneus,Fucus limitaneus,atlantique
Végétaux,Fucus macroguiryi,Fucus macroguiryi,atlantique
Végétaux,Fucus radicans,Fucus radicans,
Végétaux,Fucus denté,Fucus serratus,"atlantique,mediterranee"
Végétaux,Fucus spiralé,Fucus spiralis,atlantique
Végétaux,Fucus vésiculeux,Fucus vesiculosus,atlantique
Végétaux,Algue lombric,Furcellaria lumbricalis,atlantique
Végétaux,Gaillona hookeri,Gaillona hookeri,atlantique
Végétaux,Gaillona rosea,Gaillona rosea,atlantique
Végétaux,Ganonema farinosum,Ganonema farinosum,mediterranee
Végétaux,Gastroclonium petite massue,Gastroclonium clavatum,mediterranee
Végétaux,Gastroclonium ovatum,Gastroclonium ovatum,atlantique
Végétaux,Gastroclonium reflexum,Gastroclonium reflexum,atlantique
Végétaux,Gayliella flaccida,Gayliella flaccida,atlantique
Végétaux,Gelidium attenuatum,Gelidium attenuatum,atlantique
Végétaux,Gelidium corneum,Gelidium corneum,"atlantique,mediterranee"
Végétaux,Gelidium crinale,Gelidium crinale,atlantique
Végétaux,Gelidium elegans,Gelidium elegans,
Végétaux,Gelidium pectinatum,Gelidium pectinatum,mediterranee
Végétaux,Gelidium pulchellum,Gelidium pulchellum,atlantique
Végétaux,Gelidium pusillum,Gelidium pusillum,atlantique
Végétaux,Gelidium spinosum,Gelidium spinosum,"atlantique,mediterranee"
Végétaux,Gigartina pistillata,Gigartina pistillata,atlantique
Végétaux,Gloioclade rampant,Gloiocladia repens,mediterranee
Végétaux,Cystoseire dorée,Gongolaria baccata,atlantique
Végétaux,Cystoseire dorée,Gongolaria barbata,"atlantique,mediterranee"
Végétaux,Gongolaria elegans,Gongolaria elegans,mediterranee
Végétaux,Cystoseire épineuse,Gongolaria montagnei,mediterranee
Végétaux,Gongolaria nodicaulis,Gongolaria nodicaulis,atlantique
Végétaux,Gongolaria squarrosa,Gongolaria squarrosa,mediterranee
Végétaux,Gongolaria usneoides,Gongolaria usneoides,atlantique
Végétaux,Gracilaria armata,Gracilaria armata,atlantique
Végétaux,Gracilaire bourse de berger,Gracilaria bursa-pastoris,"atlantique,mediterranee"
Végétaux,Gracilaria chilensis,Gracilaria chilensis,atlantique
Végétaux,Gracilaire dure,Gracilaria dura,mediterranee
Végétaux,Gracilaire gracile,Gracilaria gracilis,"atlantique,mediterranee"
Végétaux,Gracilaria multipartita,Gracilaria multipartita,atlantique
Végétaux,Gracilaria vermiculophylla,Gracilaria vermiculophylla,"atlantique,mediterranee"
Végétaux,Gracilariopsis andersonii,Gracilariopsis andersonii,atlantique
Végétaux,Grateloupia asiatica,Grateloupia asiatica,mediterranee
Végétaux,Grateloupia divaricata,Grateloupia divaricata,atlantique
Végétaux,Grateloupia doryphora,Grateloupia doryphora,atlantique
Végétaux,Grateloupia filicina,Grateloupia filicina,atlantique
Végétaux,Grateloupia subpectinata,Grateloupia subpectinata,atlantique
Végétaux,Grateloupe du Pacifique,Grateloupia turuturu,"atlantique,mediterranee"
Végétaux,Algue tonnelée,Griffithsia corallinoides,atlantique
Végétaux,Gulsonia nodulosa,Gulsonia nodulosa,
Végétaux,Gymnogongrus crenulatus,Gymnogongrus crenulatus,atlantique
Végétaux,Gymnogongrus griffithsiae,Gymnogongrus griffithsiae,"atlantique,mediterranee"
Végétaux,Halarachnion ligulatum,Halarachnion ligulatum,mediterranee
Végétaux,Queue de poulain,Halidrys siliquosa,atlantique
Végétaux,Large Leaf Watercress Algae,Halimeda discoidea,
Végétaux,Halimeda incrassata,Halimeda incrassata,mediterranee
Végétaux,Monnaie de Poséidon (algue verte calcaire),Halimeda tuna,mediterranee
Végétaux,Halopithys incurva,Halopithys incurva,"atlantique,mediterranee"
Végétaux,Halopithys incurvus,Halopithys incurvus,"atlantique,mediterranee"
Végétaux,Halopteris fougère,Halopteris filicina,"atlantique,mediterranee"
Végétaux,Halopteris paniculata,Halopteris paniculata,
Végétaux,Algue balai,Halopteris scoparia,"atlantique,mediterranee"
Végétaux,Sea Sacks,Halosaccion glandiforme,
Végétaux,Halurus equisetifolius,Halurus equisetifolius,atlantique
Végétaux,Halurus flosculosus,Halurus flosculosus,atlantique
Végétaux,Halyménia allongée,Halymenia elongata,mediterranee
Végétaux,Halymène pourpre,Halymenia floresii,mediterranee
Végétaux,Haraldiophyllum bonnemaisonii,Haraldiophyllum bonnemaisonii,atlantique
Végétaux,Hariotina reticulata,Hariotina reticulata,
Végétaux,Hedophyllum sessile,Hedophyllum sessile,
Végétaux,Helminthocladia calvadosii,Helminthocladia calvadosii,atlantique
Végétaux,Hétérosiphonia plumeuse,Heterosiphonia plumosa,atlantique
Végétaux,Hildenbrandia crouaniorum,Hildenbrandia crouaniorum,mediterranee
Végétaux,Hildenbrandia rivularis,Hildenbrandia rivularis,
Végétaux,Algue-velours rouge,Hildenbrandia rubra,"atlantique,mediterranee"
Végétaux,Haricot de mer,Himanthalia elongata,atlantique
Végétaux,Bubbleweed,Hormosira banksii,
Végétaux,Clathrus d'eau,Hydroclathrus clathratus,"atlantique,mediterranee"
Végétaux,Hydrodictyon reticulatum,Hydrodictyon reticulatum,
Végétaux,Hydrolithon farinosum,Hydrolithon farinosum,mediterranee
Végétaux,Hypnea musciformis,Hypnea musciformis,"atlantique,mediterranee"
Végétaux,Hypoglossum heterocystideum,Hypoglossum heterocystideum,atlantique
Végétaux,Hypoglossum hypoglossoides,Hypoglossum hypoglossoides,
Végétaux,Irvinea boergesenii,Irvinea boergesenii,mediterranee
Végétaux,Jania crassa,Jania crassa,mediterranee
Végétaux,Jania longifurca,Jania longifurca,"atlantique,mediterranee"
Végétaux,Jania pedunculata,Jania pedunculata,mediterranee
Végétaux,Jania rosea,Jania rosea,
Végétaux,Janie rouge,Jania rubens,"atlantique,mediterranee"
Végétaux,Jania squamata,Jania squamata,atlantique
Végétaux,Jania verrucosa,Jania verrucosa,mediterranee
Végétaux,Janie à branches fines,Jania virgata,"atlantique,mediterranee"
Végétaux,Kallymenia patens,Kallymenia patens,mediterranee
Végétaux,Kallymenia reniformis,Kallymenia reniformis,atlantique
Végétaux,Koliella longiseta,Koliella longiseta,
Végétaux,Lagerheimia genevensis,Lagerheimia genevensis,
Végétaux,Lagerheimia subsalsa,Lagerheimia subsalsa,
Végétaux,Laminaire digitée,Laminaria digitata,atlantique
Végétaux,Laminaria farlowii,Laminaria farlowii,atlantique
Végétaux,Laminaire rugueuse,Laminaria hyperborea,atlantique
Végétaux,Laminaria japonica,Laminaria japonica,
Végétaux,Laminaire jaune,Laminaria ochroleuca,atlantique
Végétaux,Laminaria rodriguezii,Laminaria rodriguezii,mediterranee
Végétaux,Southern stiff-stiped kelp,Laminaria setchellii,
Végétaux,Laurencia chondrioides,Laurencia chondrioides,mediterranee
Végétaux,Laurencia dendroidea,Laurencia dendroidea,"atlantique,mediterranee"
Végétaux,Laurencia intricata,Laurencia intricata,mediterranee
Végétaux,Laurencie obtuse,Laurencia obtusa,"atlantique,mediterranee"
Végétaux,Laurencia pyramidalis,Laurencia pyramidalis,atlantique
Végétaux,Léathésie difforme,Leathesia marina,"atlantique,mediterranee"
Végétaux,Lemanea fluviatilis,Lemanea fluviatilis,atlantique
Végétaux,Lemmermannia spec,Lemmermannia spec,
Végétaux,Leptosiphonia brodiei,Leptosiphonia brodiei,atlantique
Végétaux,Leptosiphonia fibrillosa,Leptosiphonia fibrillosa,mediterranee
Végétaux,Leptosiphonia spec,Leptosiphonia spec,
Végétaux,Common Crapweed,Lessonia corrugata,
Végétaux,Lessonia nigrescens,Lessonia nigrescens,
Végétaux,Lessonia trabeculata,Lessonia trabeculata,
Végétaux,Liagore étalée,Liagora distenta,mediterranee
Végétaux,Liagore visqueuse,Liagora viscida,"atlantique,mediterranee"
Végétaux,Lithophyllum bathyporum,Lithophyllum bathyporum,"atlantique,mediterranee"
Végétaux,Algue calcaire des trottoirs,Lithophyllum byssoides,"atlantique,mediterranee"
Végétaux,Lithophyllum carpophylli,Lithophyllum carpophylli,mediterranee
Végétaux,Lithophyllum corallinae,Lithophyllum corallinae,"atlantique,mediterranee"
Végétaux,Maërl boule,Lithophyllum dentatum,mediterranee
Végétaux,Lithophyllum fasciculatum,Lithophyllum fasciculatum,atlantique
Végétaux,Lithophyllum hibernicum,Lithophyllum hibernicum,atlantique
Végétaux,Algue feuille de pierre encroûtante,Lithophyllum incrustans,"atlantique,mediterranee"
Végétaux,Lithophyllum papillosum,Lithophyllum papillosum,mediterranee
Végétaux,Lithophyllum grappe,Lithophyllum racemus,mediterranee
Végétaux,Feuille de pierre encorbellée,Lithophyllum stictiforme,mediterranee
Végétaux,Peau de Titan ramifiée,Lithophyllum woelkerlingii,mediterranee
Végétaux,Algue buisson de pierre,Lithothamnion corallioides,"atlantique,mediterranee"
Végétaux,Lithothamnion glaciale,Lithothamnion glaciale,
Végétaux,Lobophora variegata,Lobophora variegata,mediterranee
Végétaux,Lobospira bicuspidata,Lobospira bicuspidata,
Végétaux,Algue saucisson,Lomentaria articulata,"atlantique,mediterranee"
Végétaux,Lomentaria clavellosa,Lomentaria clavellosa,atlantique
Végétaux,Lomentaria orcadensis,Lomentaria orcadensis,
Végétaux,Lophocladia lallemandii,Lophocladia lallemandii,mediterranee
Végétaux,Lophocladia trichoclados,Lophocladia trichoclados,mediterranee
Végétaux,Lophurella stichidiosa,Lophurella stichidiosa,atlantique
Végétaux,Lychaete battersii,Lychaete battersii,atlantique
Végétaux,Lychaete pellucida,Lychaete pellucida,"atlantique,mediterranee"
Végétaux,Kelp géant,Macrocystis pyrifera,mediterranee
Végétaux,Marvania geminata,Marvania geminata,
Végétaux,Mastocarpus alaskensis,Mastocarpus alaskensis,atlantique
Végétaux,Mastocarpus papillatus,Mastocarpus papillatus,atlantique
Végétaux,Gigartine,Mastocarpus stellatus,atlantique
Végétaux,Mazzaella flaccida,Mazzaella flaccida,atlantique
Végétaux,Mazzaella laminarioides,Mazzaella laminarioides,atlantique
Végétaux,Mazzaella splendens,Mazzaella splendens,atlantique
Végétaux,Melanothamnus harveyi,Melanothamnus harveyi,atlantique
Végétaux,Melanthalia obtusata,Melanthalia obtusata,
Végétaux,Melobesia mediocris,Melobesia mediocris,atlantique
Végétaux,Melobesia membranacea,Melobesia membranacea,atlantique
Végétaux,Membranoptera alata,Membranoptera alata,atlantique
Végétaux,Meredithia microphylla,Meredithia microphylla,atlantique
Végétaux,Mesogloia vermiculata,Mesogloia vermiculata,"atlantique,mediterranee"
Végétaux,Mesophyllum alternans,Mesophyllum alternans,mediterranee
Végétaux,Grand mésophylle,Mesophyllum expansum,mediterranee
Végétaux,Mésophylle lichenoïde,Mesophyllum lichenoides,"atlantique,mediterranee"
Végétaux,Mesophyllum mesomorphum,Mesophyllum mesomorphum,atlantique
Végétaux,Metacallophyllis,Metacallophyllis,atlantique
Végétaux,Metacallophyllis laciniata,Metacallophyllis laciniata,atlantique
Végétaux,Metacallophyllis spec,Metacallophyllis spec,
Végétaux,Micractinium pusillum,Micractinium pusillum,
Végétaux,Microdictyon umbilicatum,Microdictyon umbilicatum,mediterranee
Végétaux,Microspora amoena,Microspora amoena,
Végétaux,Monactinus simplex,Monactinus simplex,
Végétaux,Monoraphidium circinale,Monoraphidium circinale,
Végétaux,Monoraphidium contortum,Monoraphidium contortum,
Végétaux,Monoraphidium griffithii,Monoraphidium griffithii,
Végétaux,Monoraphidium irregulare,Monoraphidium irregulare,
Végétaux,Monoraphidium komarkovae,Monoraphidium komarkovae,
Végétaux,Monoraphidium minutum,Monoraphidium minutum,
Végétaux,Monoraphidium tortile,Monoraphidium tortile,
Végétaux,Monosporus pedicellatus,Monosporus pedicellatus,atlantique
Végétaux,Monostroma balticum,Monostroma balticum,
Végétaux,Mucidosphaerium pulchellum,Mucidosphaerium pulchellum,
Végétaux,Myrionema des ulves,Myrionema strangulans,atlantique
Végétaux,Naccaria wiggii,Naccaria wiggii,atlantique
Végétaux,Némalion vermiforme,Nemalion elminthoides,"atlantique,mediterranee"
Végétaux,Némalion de Méditerranée,Nemalion lubricum,mediterranee
Végétaux,Nemalion multifidum,Nemalion multifidum,mediterranee
Végétaux,Neogastroclonium subarticulatum,Neogastroclonium subarticulatum,atlantique
Végétaux,Neogoniolithon brassica-florida,Neogoniolithon brassica-florida,mediterranee
Végétaux,Neogoniolithon hauckii,Neogoniolithon hauckii,mediterranee
Végétaux,Black Pine Seaweed,Neorhodomela larix,
Végétaux,Nephroselmis olivacea,Nephroselmis olivacea,
Végétaux,Nereia filiformis,Nereia filiformis,mediterranee
Végétaux,néréocyste,Nereocystis luetkeana,
Végétaux,Nesoia latifolia,Nesoia latifolia,atlantique
Végétaux,Nitophyllum punctatum,Nitophyllum punctatum,"atlantique,mediterranee"
Végétaux,Odonthalia dentata,Odonthalia dentata,
Végétaux,sea brush,Odonthalia floccosa,
Végétaux,Olokunia atropurpurea,Olokunia atropurpurea,atlantique
Végétaux,Oocystis lacustris,Oocystis lacustris,
Végétaux,Osmundaria volubilis,Osmundaria volubilis,mediterranee
Végétaux,Osmundea hybrida,Osmundea hybrida,atlantique
Végétaux,Osmundea oederi,Osmundea oederi,atlantique
Végétaux,Osmundea osmunda,Osmundea osmunda,atlantique
Végétaux,Dulse poivrée,Osmundea pinnatifida,atlantique
Végétaux,Osmundea spectabilis,Osmundea spectabilis,atlantique
Végétaux,Osmundea truncata,Osmundea truncata,atlantique
Végétaux,Osmundea verlaquei,Osmundea verlaquei,mediterranee
Végétaux,Pachymeniopsis lanceolata,Pachymeniopsis lanceolata,"atlantique,mediterranee"
Végétaux,Padine queue de paon,Padina pavonica,"atlantique,mediterranee"
Végétaux,Palisada perforata,Palisada perforata,mediterranee
Végétaux,Goémon à vache,Palmaria palmata,atlantique
Végétaux,Palmophylle,Palmophyllum crassum,mediterranee
Végétaux,Pandorina morum,Pandorina morum,
Végétaux,Parvocaulis parvulus,Parvocaulis parvulus,mediterranee
Végétaux,Pediastrum duplex,Pediastrum duplex,
Végétaux,Pedobesia simplex,Pedobesia simplex,mediterranee
Végétaux,Elk Kelp,Pelagophycus porra,
Végétaux,Pelvétie,Pelvetia canaliculata,atlantique
Végétaux,Little Rockweed,Pelvetiopsis limitata,
Végétaux,Algue pom-pom de Méditerranée,Penicillus capitatus,mediterranee
Végétaux,Petalonia binghamiae,Petalonia binghamiae,mediterranee
Végétaux,Petalonia fascia,Petalonia fascia,atlantique
Végétaux,Petrospongium berkeleyi,Petrospongium berkeleyi,atlantique
Végétaux,Petrospongium rugosum,Petrospongium rugosum,mediterranee
Végétaux,Peyssonnelia dubyi,Peyssonnelia dubyi,atlantique
Végétaux,Peyssonnelia heteromorpha,Peyssonnelia heteromorpha,mediterranee
Végétaux,Peyssonnelia rosa-marina,Peyssonnelia rosa-marina,mediterranee
Végétaux,Peyssonnelia rubra,Peyssonnelia rubra,mediterranee
Végétaux,Peyssonnelia squamaria,Peyssonnelia squamaria,"atlantique,mediterranee"
Végétaux,Phacelocarpus peperocarpos,Phacelocarpus peperocarpos,
Végétaux,Phacotus lenticularis,Phacotus lenticularis,
Végétaux,Phycodrys rubens,Phycodrys rubens,atlantique
Végétaux,Phycopeltis arundinacea,Phycopeltis arundinacea,atlantique
Végétaux,Algue petite feuille de tabac,Phyllariopsis brevipes,mediterranee
Végétaux,Algue rouge à frisottis,Phyllophora crispa,"atlantique,mediterranee"
Végétaux,Phyllophora herediae,Phyllophora herediae,mediterranee
Végétaux,Phyllophora pseudoceranoides,Phyllophora pseudoceranoides,atlantique
Végétaux,Maërl,Phymatolithon calcareum,"atlantique,mediterranee"
Végétaux,Algue encroûtante rouge de Lenormand,Phymatolithon lenormandii,"atlantique,mediterranee"
Végétaux,Phymatolithon purpureum,Phymatolithon purpureum,"atlantique,mediterranee"
Végétaux,Planktosphaeria gelatinosa,Planktosphaeria gelatinosa,
Végétaux,Platoma cyclocolpum,Platoma cyclocolpum,mediterranee
Végétaux,Pleonosporium borreri,Pleonosporium borreri,atlantique
Végétaux,Pleonosporium flexuosum,Pleonosporium flexuosum,atlantique
Végétaux,Pleurophycus gardneri,Pleurophycus gardneri,
Végétaux,Plocamium angustum,Plocamium angustum,
Végétaux,Plocamium cartilagineux,Plocamium cartilagineum,"atlantique,mediterranee"
Végétaux,Plocamium dilatatum,Plocamium dilatatum,
Végétaux,Plocamium leptophyllum,Plocamium leptophyllum,atlantique
Végétaux,Plocamium maggsiae,Plocamium maggsiae,atlantique
Végétaux,Plocamium pacificum,Plocamium pacificum,
Végétaux,Plocamium suhrii,Plocamium suhrii,"atlantique,mediterranee"
Végétaux,Plumaria plumosa,Plumaria plumosa,atlantique
Végétaux,Pneophyllum fragile,Pneophyllum fragile,atlantique
Végétaux,Algue rouge dichotome,Polyides rotunda,atlantique
Végétaux,Polyneure veinée,Polyneura bonnemaisonii,atlantique
Végétaux,Polyneura latissima,Polyneura latissima,atlantique
Végétaux,Algue japonaise poilue,Polyopes lancifolius,atlantique
Végétaux,Polysiphonia devoniensis,Polysiphonia devoniensis,atlantique
Végétaux,Polysiphonia morrowii,Polysiphonia morrowii,atlantique
Végétaux,Polysiphonia stricta,Polysiphonia stricta,atlantique
Végétaux,Porphyra capensis,Porphyra capensis,atlantique
Végétaux,Porphyra dioica,Porphyra dioica,atlantique
Végétaux,Porphyra linearis,Porphyra linearis,atlantique
Végétaux,Purple Laver,Porphyra purpurea,
Végétaux,Porphyra umbilicalis,Porphyra umbilicalis,atlantique
Végétaux,postelsia palmiforme,Postelsia palmiformis,
Végétaux,Predaea ollivieri,Predaea ollivieri,mediterranee
Végétaux,Prionitis lanceolata,Prionitis lanceolata,atlantique
Végétaux,Pseudoceramium tenerrimum,Pseudoceramium tenerrimum,mediterranee
Végétaux,Pseudochlorodesmis fourchu,Pseudochlorodesmis furcellata,mediterranee
Végétaux,Pseudolithoderma adriaticum,Pseudolithoderma adriaticum,mediterranee
Végétaux,Pseudopediastrum boryanum,Pseudopediastrum boryanum,
Végétaux,Pseudoralfsia verrucosa,Pseudoralfsia verrucosa,atlantique
Végétaux,Psilophycus alveatus,Psilophycus alveatus,atlantique
Végétaux,Pterocladia lucida,Pterocladia lucida,
Végétaux,Pterocladiella capillacea,Pterocladiella capillacea,"atlantique,mediterranee"
Végétaux,Pterosiphonia complanata,Pterosiphonia complanata,atlantique
Végétaux,Pterothamnion crispum,Pterothamnion crispum,atlantique
Végétaux,Pterothamnion plumula,Pterothamnion plumula,atlantique
Végétaux,palm kelp,Pterygophora californica,
Végétaux,Ptilota gunneri,Ptilota gunneri,
Végétaux,Punctaria latifolia,Punctaria latifolia,atlantique
Végétaux,Pylaiella littoralis,Pylaiella littoralis,"atlantique,mediterranee"
Végétaux,Pyropia leucosticta,Pyropia leucosticta,mediterranee
Végétaux,Radicilingua reptans,Radicilingua reptans,mediterranee
Végétaux,Ralfsia verrucosa,Ralfsia verrucosa,
Végétaux,Cladophore des rochers,Rama rupestris,atlantique
Végétaux,Raphidocelis danubiana,Raphidocelis danubiana,
Végétaux,Raphidocelis sigmoidea,Raphidocelis sigmoidea,
Végétaux,Rhizoclonium riparium,Rhizoclonium riparium,atlantique
Végétaux,Rhodochorton purpureum,Rhodochorton purpureum,atlantique
Végétaux,Rhodomela confervoides,Rhodomela confervoides,atlantique
Végétaux,Rhodophyllis divaricata,Rhodophyllis divaricata,atlantique
Végétaux,Rhodophyllis irvineorum,Rhodophyllis irvineorum,atlantique
Végétaux,Rhodothamniella floridula,Rhodothamniella floridula,atlantique
Végétaux,Rhodymenia ardissonei,Rhodymenia ardissonei,
Végétaux,Rhodymenia holmesii,Rhodymenia holmesii,atlantique
Végétaux,Rhodymenia pseudopalmata,Rhodymenia pseudopalmata,atlantique
Végétaux,Rissoella verruculosa,Rissoella verruculosa,mediterranee
Végétaux,Riverina rivularis,Riverina rivularis,"atlantique,mediterranee"
Végétaux,Rugulopteryx d'Okamura,Rugulopteryx okamurae,"atlantique,mediterranee"
Végétaux,Rytiphlaea tinctoria,Rytiphlaea tinctoria,"atlantique,mediterranee"
Végétaux,Laminaire sucrée,Saccharina latissima,atlantique
Végétaux,Laminaire à bulbe,Saccorhiza polyschides,atlantique
Végétaux,Sarcodiotheca gaudichaudii,Sarcodiotheca gaudichaudii,atlantique
Végétaux,Sargassum acinarium,Sargassum acinarium,mediterranee
Végétaux,Sargassum flavifolium,Sargassum flavifolium,atlantique
Végétaux,Sargasse flottante,Sargassum fluitans,mediterranee
Végétaux,Sargassum fulvellum,Sargassum fulvellum,
Végétaux,Devil weed,Sargassum horneri,
Végétaux,Sargassum hornschuchii,Sargassum hornschuchii,mediterranee
Végétaux,Sargasse japonaise,Sargassum muticum,"atlantique,mediterranee"
Végétaux,Sargassum palmeri,Sargassum palmeri,
Végétaux,Sargassum sinclairii,Sargassum sinclairii,mediterranee
Végétaux,Sargasse commune,Sargassum vulgare,"atlantique,mediterranee"
Végétaux,Sauvageaugloia divaricata,Sauvageaugloia divaricata,atlantique
Végétaux,Scenedesmus ecornis,Scenedesmus ecornis,
Végétaux,Scenedesmus quadricauda,Scenedesmus quadricauda,
Végétaux,Schizymenia dubyi,Schizymenia dubyi,atlantique
Végétaux,Schottera de Nicée,Schottera nicaeensis,mediterranee
Végétaux,Schroederia setigera,Schroederia setigera,
Végétaux,Scinaia furcellata,Scinaia furcellata,"atlantique,mediterranee"
Végétaux,Scinée turgescente,Scinaia interrupta,atlantique
Végétaux,Algue tube-de-cuir,Scytosiphon lomentaria,"atlantique,mediterranee"
Végétaux,Sebdenia dichotoma,Sebdenia dichotoma,mediterranee
Végétaux,Sebdénie des frères Monnard,Sebdenia monardiana,mediterranee
Végétaux,Sebdenia rodrigueziana,Sebdenia rodrigueziana,mediterranee
Végétaux,Seirococcus axillaris,Seirococcus axillaris,
Végétaux,Seirospore de Giraudy,Seirospora giraudyi,mediterranee
Végétaux,Siderocelis ornata,Siderocelis ornata,
Végétaux,Smithora naiadum,Smithora naiadum,atlantique
Végétaux,Cordes de Solier,Solieria chordalis,atlantique
Végétaux,Sonderopelta coriacea,Sonderopelta coriacea,
Végétaux,Feuille de Solier,Spatoglossum solieri,mediterranee
Végétaux,Spermatozopsis exsultans,Spermatozopsis exsultans,
Végétaux,Spermatozopsis similis,Spermatozopsis similis,
Végétaux,Spermothamnion repens,Spermothamnion repens,atlantique
Végétaux,Sphacelaria cirrosa,Sphacelaria cirrosa,atlantique
Végétaux,Sphacelaria plumula,Sphacelaria plumula,mediterranee
Végétaux,Sphacelaria tribuloides,Sphacelaria tribuloides,mediterranee
Végétaux,Sphérocoque,Sphaerococcus coronopifolius,"atlantique,mediterranee"
Végétaux,Sphondylothamnion multifidum,Sphondylothamnion multifidum,atlantique
Végétaux,Spongites fruticulosus,Spongites fruticulosus,mediterranee
Végétaux,Spongomorpha aeruginosa,Spongomorpha aeruginosa,mediterranee
Végétaux,Spongonema tomentosum,Spongonema tomentosum,atlantique
Végétaux,Sporochnus pédonculé,Sporochnus pedunculatus,"atlantique,mediterranee"
Végétaux,Spyridia filamentosa,Spyridia filamentosa,"atlantique,mediterranee"
Végétaux,Stauridium tetras,Stauridium tetras,
Végétaux,Sténogramme discontinu,Stenogramma interruptum,atlantique
Végétaux,Stictyosiphon tortilis,Stictyosiphon tortilis,
Végétaux,Stilophora tenella,Stilophora tenella,"atlantique,mediterranee"
Végétaux,Stragularia clavata,Stragularia clavata,atlantique
Végétaux,Stylonema alsidii,Stylonema alsidii,
Végétaux,Stylonema cornu-cervi,Stylonema cornu-cervi,
Végétaux,Symphyocladiella arecina,Symphyocladiella arecina,atlantique
Végétaux,Symphyocladiella dendroidea,Symphyocladiella dendroidea,atlantique
Végétaux,Taonia atomaria,Taonia atomaria,"atlantique,mediterranee"
Végétaux,Taonia pseudociliata,Taonia pseudociliata,mediterranee
Végétaux,Tellamie contournée,Tellamia contorta,atlantique
Végétaux,Tenarea tortuosa,Tenarea tortuosa,atlantique
Végétaux,Tetradesmus lagerheimii,Tetradesmus lagerheimii,
Végétaux,Tetradesmus obliquus,Tetradesmus obliquus,
Végétaux,Tetraedron caudatum,Tetraedron caudatum,
Végétaux,Tetraedron minimum,Tetraedron minimum,
Végétaux,Tetrastrum staurogeniiforme,Tetrastrum staurogeniiforme,
Végétaux,Titanoderme pustuleux,Titanoderma pustulatum,"atlantique,mediterranee"
Végétaux,Trentepohlia abietina,Trentepohlia abietina,atlantique
Végétaux,Trentepohlia aurea,Trentepohlia aurea,"atlantique,mediterranee"
Végétaux,Trentepohlia umbrina,Trentepohlia umbrina,
Végétaux,Tricléocarpe fragile,Tricleocarpa fragilis,mediterranee
Végétaux,Turbinaire,Turbinaria ornata,
Végétaux,Algue de Tydeman,Tydemania expeditionis,mediterranee
Végétaux,Ulothrix flacca,Ulothrix flacca,atlantique
Végétaux,Ulothrix subflaccida,Ulothrix subflaccida,atlantique
Végétaux,Ulva clathrata,Ulva clathrata,atlantique
Végétaux,Entéromorphe,Ulva compressa,"atlantique,mediterranee"
Végétaux,Ulva fenestrata,Ulva fenestrata,atlantique
Végétaux,Ulva flexuosa,Ulva flexuosa,atlantique
Végétaux,Ulve tubuleuse,Ulva intestinalis,"atlantique,mediterranee"
Végétaux,Laitue de mer,Ulva lactuca,"atlantique,mediterranee"
Végétaux,Ulva linza,Ulva linza,atlantique
Végétaux,Ulva prolifera,Ulva prolifera,atlantique
Végétaux,Ulve rigide,Ulva rigida,"atlantique,mediterranee"
Végétaux,Ulva rotundata,Ulva rotundata,atlantique
Végétaux,Umbraulva dangeardii,Umbraulva dangeardii,atlantique
Végétaux,Wakamé,Undaria pinnatifida,"atlantique,mediterranee"
Végétaux,Valonie en pelote,Valonia aegagropila,mediterranee
Végétaux,Valonie grosse bulle,Valonia macrophysa,mediterranee
Végétaux,Valonie tubuleuse,Valonia utricularis,mediterranee
Végétaux,Valonie-perle,Valonia ventricosa,mediterranee
Végétaux,Verlaquea lacerata,Verlaquea lacerata,mediterranee
Végétaux,Verrucodesmus verrucosus,Verrucodesmus verrucosus,
Végétaux,vertébrés,Vertebrata,atlantique
Végétaux,Vertébrata plumeuse,Vertebrata byssoides,atlantique
Végétaux,Vertebrata fruticulosa,Vertebrata fruticulosa,atlantique
Végétaux,Vertebrata fucoides,Vertebrata fucoides,atlantique
Végétaux,Pompom des ascophylles,Vertebrata lanosa,atlantique
Végétaux,Vertebrata nigra,Vertebrata nigra,atlantique
Végétaux,Vertebrata spec.,Vertebrata spec.,
Végétaux,Vertebrata thuyoides,Vertebrata thuyoides,atlantique
Végétaux,Willea apiculata,Willea apiculata,
Végétaux,Polysiphonia,Womersleyella setacea,mediterranee
Végétaux,Algue duvet,Wrangelia penicillata,mediterranee
Végétaux,Xiphophora chondrophylla,Xiphophora chondrophylla,
Végétaux,Lomentaire japonaise,Yendoa hakodatensis,"atlantique,mediterranee"
Végétaux,Zanardinia,Zanardinia typus,"atlantique,mediterranee"
Végétaux,Banded Fanweed,Zonaria farlowii,
Végétaux,Zonée jaune,Zonaria tournefortii,mediterranee
Végétaux,Zonaria turneriana,Zonaria turneriana,mediterranee
